Sha1,MD5,Family
4a51712a96dda6bb9921b006e989559c629c0900,2ee5b095cd4392c2a8dd471650359ac3,yakes
04443e422c9254d73bc4dbc308a051b5b4a9b8ac,f265b225175fbc1e092fcc83509bf4b3,yakes
2bf0e077ab41c6272185c27cddae6e09a40db3cc,97df21cfb5d664e1666f45e555feb372,accdfisa
fd6c1475b38fac293cb6396ca95d8a7a4486b80a,161a568117763bd4145eff079398382d,upatre
729eff4cb8efd00072c1876491d359de71b27e3e,ebca89c07e65029da85ecbbf4a6d3e0c,xorist
5a1fd3d2239f7374c6b539992744c8c14d614ab1,8da05fc7d57478498d34ee1cc20ed657,tescrypt
75e053850b8d7fc8fc787d929dfe5bc5d824c985,11eada829c83fa7652217356b51d3266,yakes
bbb06cc52ee0208d4ccaa84ee7c803cd9f808d28,cb2cefa815601856626f8a73d4cade4c,upatre
306192b93509e38ee5d020fa13fe7642afe4fc3d,1725b728a5225a47e3e6fc0092281071,locky
033139978dfeb5e066c3767ad351d9414c73fd5d,a1cebdce8b2ce8534e4f4a973d92c862,yakes
6d2fb35639b6f01da36d59d5219757bfa6da1486,566424e8a7f2b142ec4ce43f2c975f74,locky
ce6493459ea9de90e368db8edf4d10e78c8a0354,ab3b4060f42c7df1e695bbafff16b37a,yakes
5387fa24d12652c6679c1f163b83d8ca78ac52ec,c1207d933693c53311afc6f668da2082,yakes
97f4fe8ae8941b02aefcdfd92777ca4797cce128,b16f4d50745ce4bb529283d3f8d3e989,shiz
f41b36d916e1a7742e60c586486c87ba0d3e1e03,f961f13690f0f2b91e9e6a77106ee714,upatre
1d834686e3cebc1ef220cb7c4daa51d21b816f8c,62ae427d2c075cf589ea7d28f3dd5ea3,teslacrypt
1b5dfdba2ccf8975cdcadadd5740ea91e8febe2a,04e75d1316d3431281545d61522ef2df,yakes
1142451b145243a4e551d4dd9362d6841189d9fe,0285605ca84710496092726525acefdc,yakes
74f1f1c175ff08a14d732b7d30021ebf49462056,44b713d31d7ddde51b0790d356cc1816,locky
4b5c7ad5593bfdb70e8bbbf14f227dcc6fbb5c28,131c20e2987e2e787feb5be27f4c2c14,yakes
bc6bae3052964e5b32e3a2411634829af9faf692,817ac376ddae7197c513b4b081f8d257,yakes
f1210357346ab9f6701de969179de0b9ee21a87e,510d05e553625328fafbaf782ebc3477,yakes
fe3672d7a6ba5b4d51e635cbce67be0b7b08347b,68d48ed825485ea99d35bfd56557640a,teslacrypt
697201d2b16f6001ed409721364c535dbb710faf,852442b147f26a79b48a8278653fac16,upatre
5709a861d786776088c7b791418fc8f19380f812,fcc7b938e0180daf1e440f5a21a8c5a4,teslacrypt
0910259508958301c5004ae906c16305b4b90785,72122e58e92abcfd074405d640dddd72,zbot
3e598701510c34e336ff4e60e74c0d1d354b6398,a50e3c650de3326f46dfe28164a13caa,crowti
ce948efe5998e65df271652d5288ff83e18aed85,97117c9e5aadf46c5768ceae2079262b,yakes
b183944838f6ddea89890fd16a51ce8b8bba70fc,033d7296661f1456011a34f85db7ca24,bitman
9d3461f79091ab3fa630661a7436eee384dca306,30e4423f7e8bf82e54a0cc9b14f3af81,yakes
8631961bf86870c09cf6cbf2882aab1349024c38,4c8fd9cbc34013b9094b8206fa325a71,teslacrypt
a116a8da64cee6ba567cb841c26cffd7d882c134,b21ef898842bfcdff37ac56d8fbaebed,cryptowall
4506fd93b1f9734ee9e01a1d4e99a38c85015833,a06d2bdabea8935ab5fd2897f3713a9f,yakes
1ccd67e553630045d7e2eaaa6a0b2201a568e99c,b2665acdaf7643fabfb3b44dc61c160a,yakes
858ad42468e5bbe458fd01e638a69ab5b1300a9e,1ccd4a1274440474b19d29646d8eccf4,yakes
802c5805cb1dba98844debb43a02e410b69bfbb4,73ec77cc659bfb759ec39a0a9fc09bba,crowti
cc4b9914a486911347c228046b658ac65539d079,7c523a270127edbe50583da8870cb50a,locky
e906fa3d51e86a61741b3499145a114e9bfb7c56,6d3d62a4cff19b4f2cc7ce9027c33be8,bitman
56afe9eb5fa4f4e418cb2e422bc4a67d95cb9865,56ebcc3d3bc11e8ad3e7d7d0952a9c40,upatre
201c5a99ace52792f1edfc0549537f5c2f430f2f,9af3e8a451fa699ac5a2ba35e75c11e3,cryptowall
7c90cb0a26dda26196ac19e10738a1e3109eb2c3,bfde8819a048752405ebdeb735a31888,yakes
7513c6a9442f147a29d2298258fe46420b4271e3,bd7db49f04f428aa10b3b388819b8715,yakes
d8dc13d2cd072506b61ad6635dcb14c758e8933c,d43ea0981600243c6c6af107fafb5ae0,crowti
9782edb9589dd834575d520e80db3e389388c773,04704d19cc781c23acf37b6ed32a2aca,teslacrypt
1d13b217b6f8e211b754a8309c7201f0161258df,480545874b02c2a80ec464f250b51905,yakes
4be7740909ba302ac9e72d7a7e416bd63079aa65,606f9c3f78bc338c523fa87a39a519c5,locky
206bcf98395969425e6fa479f6ad24842d5ab580,d61b4580de609e91968202ffd36829c1,crowti
4bcd6af460e56c900f4513c4a4181d88062f5e49,d896e45941402aa0426c70e7c3fa5586,yakes
0fb125dab92802e3b5f408f8562abf735cb27d50,0d648fd1aa0e41715a5684d3cf5ebcd3,teslacrypt
76c70fc06fc67de2494aa053d084a716b3ee870d,9c6acb76b4179a734a58727d3fd915ca,locky
a0fb829b32de83a05814b75e69b0571d50ff87ef,d902f51c24342eeaff1360d04225dbf2,crowti
6c400972a52e27221ea7a7d1ed296706dd4ad92e,445d38c2590239fa8c5246390ae40a5f,yakes
ab1bed4fc0544b4894a93a121cfb55bb56ef32fe,bffa6040f6e04e367bf469dbd7ffbae6,locky
8834579d01bc93e55d1dbf2b24b466bfa1e27fad,628d9f2ba204f99e638a91494be3648e,locky
f46f7f332fe1f195ed7c6bd097fa28dbaf0ef52a,28b7200a71cb2fc35f11547100ba8e32,upatre
406840a895a71f4ccf722b6543d7ef69c8558de0,e69ac61b82913ed0c5d97f7020f624d2,yakes
5ff465afaabcbf0150d1a3ab2c2e74f3a4426467,84c82835a5d21bbcf75a61706d8ab549,wannacry
48837b546ad9300de5fe9f2f6970e8e79125ba2e,1f294484c8a6c2c2723dc1c24651f509,yakes
3405e4df360c6d1882e408c4c6d2e695f107a4ec,78fd5fbae61ccaadfcadab874d0ad04a,upatre
a8de1ba68b7e2d683edb382b4fc3faff928424aa,36b3b4b741ae33b649676a7c8286bf44,yakes
0cd94bc0db7fa80b0d8ecdc34e0f6da3f0d523a9,a985aa726357251f980f40fb9da5f3c2,locky
08f13a518cf828a82dcc7dd9b6b1e065a007b6d4,9e90b4e6e92de8929a354b16c12e7af8,gamarue
d13e9a70f1965924ed639f5afe30d4e96209a9f2,23b99c05c89cca31b2cbac865483faa4,yakes
87b8acac3e0e8fa99ee87e56ffe3423b3f76d319,62baed7282539ee421217e3eaa63b248,yakes
2027a053de21bd5c783c3f823ed1d36966780ed4,30fe2f9a048d7a734c8d9233f64810ba,wannacry
154248f52a8beb32594e0cceaf3e302aa4bd1e81,4710488a37b290e31cd281df34a68c4f,shiz
27ed63a816838459edd0e3b93a194dc19aa56c17,981cb89890ff70c44da2fbbc9c63af36,crowti
2a94d83408311ce68f9a9fcaa2a787ed8cc7f1c3,a5e26bc7ecdfc82898f5461c735b2471,teslacrypt
e1d874069ecf441fa17ffafc756d7bffbc71dc22,e8a0d70f7f9e1d6744d7a1bbebe6ff32,yakes
37607fd96e3cc39862516fce298d12d0686d79a9,061ed5891725ab45c5f63849edbb9673,upatre
c33d2dec116905b071c1ebf854929f15da834446,a7d6e2ad788a5423e70e7f44c1771220,xorist
12c7857538b7fecd58b612b7822e77a6bb9c9dc8,44aac64fd0e9585823c86c861c84f643,locky
ace9db42f5140144053e8361ecfc36ba2669a50a,b06e75c7d7436eca2b6ca3dfe2a110ed,locky
9f091e3b7185004347ece2d4e34cd985ab1807b2,5773dc1db65c9b31ff8b18f7e937596f,crowti
afdf9dfef3aa19530c7fd35f02baac6b735bf537,76a5e0603072e8a5872bc5260cc4f831,xorist
2999989cacd45fe6b8d9df68603e5dc83d7343a3,ada56e1990704ce88b407d74e3ef0bed,zbot
9bdd1a6a488f8a4f3da0d291e63c16f1b81ab8af,6cdca4982f2a9fc3276dcc8cc7c1addc,upatre
03f4371611ac0ed198b9c6fc54f6f030a4695af1,d6aa9ce613166c034ad8540ebf19fc91,kelios
b91645b0531e933e2a05f7cb6c10c69c09ce0f11,0266d5f09c7d9bda68144fe0965070a7,yakes
32540d6c04a72f36d41fa7b6f0e3ba0de2fcb0db,30e48f35640b41759dceb5f283e9e35c,shiz
9f22c20c81105a92ce84bcaab0bc4fb80fdc4128,cd88e8803fb2be0a2626a433034cabf7,locky
72bc7becf47524028f013c4c5af252cf7de52344,093d8f413909db4f7b876d7e0dc47012,locky
42da26499623a3c0de0e14c6c76450fa507b1a0d,58f1697a8ac5267d89124c9cc7b83bc5,tescrypt
853baf0590d482084dc56d9d1dcce4eb6db2cfac,d3ef6700f807c219e6d285595ce39537,crowti
028a9c612a1906765254ac0f4ff836bd5ff07a79,f34888e54bb3f7a95fc262cec94afe84,locky
66f21b4ed37f2125875f7750bf07d29efb0b5ddc,c786f42f8a1ec0f26c9974f08e53342e,locky
44cea71fcc94a451fc15e0cceaa83287f43f7763,dfc8776cc88fa16278fa1da34f1b2e46,locky
ae03548457063560b6d0d51353f16b95793d29ae,433488705e00f511a200f11f191b4777,yakes
606cd4f66da5aa5c1d2c0ae050e9946a0f48ed55,e0727d5b571c179daa1e23e9917a73fb,locky
53712e9e8171d50ee0eb8395497c3c2cc8f44665,b67f7dca71c984a902a7f2847ad1cbd0,upatre
5ae5eb738915c732c7410d03ef5a49d21db110f6,283fe44b1da604a66acbaea927deef30,bitman
33e64e9b3d2049683af225fe45e9fef4a8dd05eb,0b9803f2b7c2f57eb1705db996f97e35,teslacrypt
6008ae5da27bede32a140a542225be1b2362a93a,bdf3ccc3e9bdc3a5b0f55dc12fd924c4,locky
507248c8598b32476035aebe46237f82bee7ac2d,25e9fb9996972eee4fa98989e01abcfe,upatre
c912a7677950649eff6e583bc97ff14014e142b4,7a8c1663bd0b35dae846c23f7c7d3228,teslacrypt
d1c62ac62e68875085b62fa651fb17d4d7313887,a92f13f3a1b3b39833d3cc336301b713,petya
b64570a40b5018397f624b7a4f60cf53c6301230,5c7f978c6cbc98913d95e92cb1940a52,yakes
da325effb3f319387d908c083f5b987c720630e9,bd268d8caa24db463dd60521e3d35651,bitman
df8c0048ca30500ac27cd28ee478bb077196f34a,a42f4130b004e853e51f55074ec60324,yakes
e0c0e304088642aeac04a6cc186d9bfe90b57901,0f60e3ca933ec715296628a4ad18df01,teslacrypt
2b2938914bbf077bc97b2f40cdb02d4afbffcb82,d8697757a0da443a8d141933a8d65009,locky
755799b5a6b35714aece499052bb6ecaff00d149,a556194f389ea5e99a53b29ad4e84b0b,crowti
84ebee829267f58d61479dd3880beb9b2eacb857,19a01a6bccee22cea8144f6c09e7fdc0,locky
57e5bcc5778f94307c3299bbe94b7850649f52c4,05e58360d141fe256bced83591b40982,locky
07f4d35aee8f994d67fcb980cb0074a2b77f11af,6516e6e6b4d2ddbc20431adeb0384fce,upatre
53246ae74266d3aed9cc1a4b7613713550d7629e,858bef24ec030ee77548fab9f52a9e61,gamarue
345967e04549cf387c40db15f621e8b0346cd96f,92e7e03aa9a46862603921b5fe8f151e,yakes
821d35d30779db443d905cf765553eeef261bd1f,cf2e4d7f1d61193a703fe62f4207c5d7,locky
868378712aefcb5fff3ac719fe10b13bc6d271a9,9f309e409d1443e3a1d711669f33827f,yakes
010c64ceba2829358d59c3e255e8457ad8cf87f4,5907bab599e3b3cd8c64978d070f186c,locky
79c18398f2a4e3df265f8d94bebb1b670b899b2e,3e5c5fa1f86d4144615041899ef88d81,upatre
6bd243f08b95b2ed1def284aa48daedc23666b7d,336ecfafa6a2ce19701b49fdc3fe8fd8,yakes
171262d10574c36c07853881a8c664b2902e82c2,6d1fac5a295b6be42193c9ad67c5d287,teslacrypt
6c199acc7a465f0d19b475c8d4b487c7f5a8df22,a7c80449c010e5684d57c5747b33e654,cryptowall
ae7dd4c089db2aef0b8f00353b057484fb092ad7,4b33fdac1cec3d76a719169f43fdb5bb,gamarue
5c762c0a0651834143b0a4473ab49a50dcee3e2d,ecd6cbf74322a5ee58c5590bd2b1cc97,yakes
2065622cc5a1aa0914beb7b8c0721bb334fdac6e,96a4c6da46aea550fdd78ac1c2c734f3,yakes
4ec264fa5d51d09bce19e28c2f6f6f22d88e306c,680840353b589c1d31ae0cabaa1ff7e0,bitman
e5f34b1a102b3761e6035af5242365143ad1189a,c40f312ebc36e5a4718379a667a04a76,yakes
34f917aaba5684fbe56d3c57d48ef2a1aa7cf06d,71b6a493388e7d0b40c83ce903bc6b04,petya
129741637fe47d804666dc3ef34d88dd82522604,4151619178528a40b64ee6d034b66129,yakes
10923e46e9d8f25e16be4c99d21504be3acb183b,96b0421f0ed446a0c0eb7e16d6472e35,locky
04d74252f14760229b146692a812b9fc79a618ae,ed9d1eecb0cc9d0de45db4aff520e676,bitman
283f6ffe8a67880bbc00a6562a6e18ea9617714c,106966564aa2ad44ed60bfb85729757a,processhijack
bfffb5c6e238eed06b6c57451c1df7b80de4787f,c366a0f6a4f9b2157df9657b42fcb4e6,locky
35bf6dfbe2146dfe608b704a9882e3badb23eb1e,d81703184ad76afc2c305d2abce90b0c,teslacrypt
fb088de6a8d4d8b77ff4e03e2ade317547f5031d,0e05104d2b8a037be5c84824c0061449,yakes
88c9e0a77268909b44d3b8d8b135debe87ccad63,df63c4ce69fcbd20f5759905fccd01d1,locky
511bb11a83c6131729c00675af8ec0da02d7dfd1,de889e85e9d677f4aecf3f87ff5030cf,yakes
158f342fbbfbc61cc266e4fea193919c14e89299,345d6a7ad79bbf49b3d6055355a7c18d,zbot
475fc9a22c33a62b04b1224473ddbdb4585288e7,00b79ce65127a1aec2ab8a36ccbfb7c4,yakes
5bd71885b98c241b180fd0e82651ac4975c5af78,50ef9f9310bfc150ca471526d2cb53eb,upatre
fbbc4c566e6a75936289bafa57d76ca1baae764a,e4ad8906a152085e7564252b47f6c10d,locky
5091e60d82019f86fdeea7427c391becc14b3715,d3230d64cc8b17818714127ade5468c1,locky
cdeb156dc149b4a3274af367a9e1e0449e5a7a3a,7a82d0ccd93d5c26da781aba0dac0efc,tescrypt
b606aaa402bfe4a15ef80165e964d384f25564e4,b06d9dd17c69ed2ae75d9e40b2631b42,locky
1e8c2599635e0eb88acb487c3e228b5215b7846d,1774431cc1a7afbfab7c73b76587b0fd,locky
8d9ae5a3785a1b0746ad3bb1f02e20213946a480,1e12d9d8d739e8a6275cdc752ad55001,yakes
20bbd67d3052c40a01cf0696133f6effd9192b37,8085d3b9f1488c6fcfd9e224177716e7,zbot
1e8990411a0449ff6bf0cf5e7c72c2ebe1ba7e81,a8138d5cb106da3a92d09232ab3ed72a,upatre
6f5e5df48c6b76be27ae50f138ece370da502b4d,46cd522a28500d956c4820dfcb469b88,locky
69a8ba560ef1aad2b1bc7614c1de8ed22e19deb6,0805cb0e64e34711530c95e58e38c11f,wannacry
ad8f421de369b91d44f3adb4129bb317243e2fd7,24bb73788cb860ef468d1e051b7c7c9f,locky
f82a3cfbeaec12798a9ec6b16a23adfca5574dbe,9c20e80a2ad46aad35d5aba6e1d6d982,yakes
54b39a0c310395fb4f29479158010f7a35bcb6be,8cb8affdeacc2ebe532bf8bb18523b50,locky
6338d0f3ae35dfae76d7096fc7112bcd5b6a31f7,4cbd1f69f623b59225c8a2a1d1e5a77b,teslacrypt
2a1196535208e35f0720e5ae1c71654212b77f11,0085eb94995edef319ea4a0b76fd9c8f,cryptowall
1230b3ad281f7d54a6f8da49d4243bdfcab98368,303a3390f48d3accd911b50491757c37,teslacrypt
2b310c32e9684b48f2062a9a157c3b9d47021874,be278aca92d6c6b3c89f08bdf7d0b092,upatre
1b48e6ecee1598875831ba7427d56a5a622d5666,00a710cff32f348cf4fb0004cc3fb4c0,yakes
3d6bef1920343d13accd87f6d6653eb01cc91ee4,cf76e292f47b210b052c3fb0e4d9330d,yakes
96c5626fbf498537b2a401737b62ac6670504508,d2f3965b4447484c64a9c038a4eecabc,locky
6489f3e13f509c9db856fd04259d043364243fde,5a86ffe938409d6341478d0b5919dca9,yakes
a7c2883076dc9ea40d3ca78dc5a74171e04fef0a,45e024eb85ca1e5afe39782eea7a6b04,yakes
1e1ae116f96d59e7ddc394e85fda8bae0da41baf,ec58f460db98c25002bde1a862021f6c,locky
3b65a691cb7dab4ae828dc14f4fa9f2d573172f8,a2bcfac065278e730f31ed85a59f316c,yakes
32cfa2d03b5b9b3cbe969d587aec407afc74c4f4,a958b1f44117442dce7c449a70b160c0,locky
fcc8421a4e841bf6bee3ea4e95ee8892fbcbafcb,0ce80f3b8dd95a25f3f896b1fc95e55f,locky
f1d3a3e81bef1bb8c59b62a3ce217da347ebf8a1,f9f1a50bba696e47a7d2167712892bb2,locky
bbac46cc928923bd23bc626e7d70b28b1fb9cef7,9ced9e85eaa3bb22210fafb31b418376,cryptowall
5f302ac33d4e547309dd6fbd02a22c4b372f7180,523ff893396e7a8d917c4325005076db,yakes
b1a27cd5131b0cb0c182d947c301c128c894dc65,19483c9e7500a55d4160d6c1d108ca4e,upatre
2417c6d012cec8eead0937c35d43d959c7dcd2ca,f73cf0a85e51e5cf95fd1d4162727795,high
4d17f4f79da630ce7c8515c3d868402dae1a1202,f446b4416eeee642e98ec97a9f3ef34b,teslacrypt
da1e1f128594097c39749b9c2e74f1f1c56f3fad,817c9494aecec7cf15fda907711b7cd7,locky
0d306dda4fe115063edf8629acc6f5dff76063bf,2b675ca7d4951ad7f6be566196486fd7,yakes
b77efbc79183d07c3aa23f8965553853b42ea3aa,8b7ba6fb3209ca7715db46f814e135a7,locky
372ccfddb77840ab115c63f5e640e9799faafeb5,fd03a710640601c772c9429eba1c2981,upatre
0d11428baeaae573504fa7a2de094b0ebcb5a3e5,3805d2d587568541e4052063a14dfeef,aura
3a9020e16dcc99a533405479a41ccc93600f7383,b293acfdba0b95260f3a97af587896f1,upatre
f67242bc8185d2f746971eaa136070e352a59a3c,963d1a0f83f591db2346be2b4841c7d6,tpyn
c1e325823023ad65caa10c398489b65c541d4492,0100f066bcb557db2827251c63aa9851,locky
64917aab4c609fa62587d3f06428b0d94e1406f9,94097c46248a187476908e3ff2cb6e97,locky
dca21013224f9ea95fc852b8803d510d995adb0a,5e8de61ad3c0a7ae5a107769d8c51646,teslacrypt
ff47080bed54d5fb13a58d20c743b9b44f42ccc2,8adbcffe2cb52628afe8d6412c1e3a06,locky
31e4c64f1fcff7824b023e86482e75870389edef,987a06a5c02be92cdeae2a99a408a716,karo
835695413c5d7a56a0eb463b0ea51d6a92a356c9,fc91dec36022e015a46babc5b7a0d395,xorist
6ce25b94cb7bb86c39011031a5df151744eb7e5a,ea6971d3d480d7f5a1baa484caa0d23d,torrentlocker
991e354e8898fefa1654bfaa42a4c75de05cfec2,7cb25b333128ae8d519eb1932ba1a876,locky
18b2a28ed2a2ff2fc2ae97b44266d0e7f18b8014,0fb871b4b329003dd29ed674228e0206,locky
2407aae2538f4ad75e4157c40b2b17c9be304856,0a9d38dfdbd63600e49b4065647d646e,yakes
0d8714aee60c8090a18b93d97f731e851b88c0c3,7a8c8c641e81ec469abf09da0a977f9e,yakes
065be4b112cd556d622f52a3fa3afb74bd0a631c,4cc40f0b9c245ae369a67f58daaac1e1,yakes
aab7ebe0a7e374e7845ac8f0ee9028d8202d280a,18dddcf8e7a99aa2cd368e78a7b10773,crowti
4080bb3a28c2946fd9b72f6b51fe15de74cbb1e1,409d80bb94645fbc4a1fa61c07806883,mamba
3f53837cbef455b6e3f6a706ab2829a8f0f48e86,632b43a72cfbc846b5eddb82e6ca21e3,tescrypt
ff6e517e84f2a134345fcf61a4983f1346c10a5e,e75ec85c6ed577a630390f8ab4f4e5c4,locky
1cf6d8427532f4d8e828d32c0b8959d5dcb7e7c4,cf1100fa9dea3c025b535b8a425932e6,yakes
94095b4615d5fe9296964cb41a71d1acb7df4c8d,817832e94d10a4d0a2447d63a55bf0c4,yakes
35d19c7b50b8e49289edd2e227ca34cb791f5da0,814e8a333c99e7c6d4815072c01d4273,teslacrypt
444b9ed526bd34b7c2df1c4a2ba01653b244a5a6,43a3fc2c354686e175b388821985512c,yakes
f6aab86622620a5dfad9d32a5fbfd10f6ff2aa7a,258b54cf91546f2c5d54202db87f2e9b,yakes
20d393c6efa5e9139aaf2e4696a7f4f9be1323bf,e13c8413492d6d7758e724151b65253e,yakes
3c941283b441d4856d27372e69177f3f5956d880,326ecbcb6bfe6ee65567bf7212866f5e,tpyn
3c0fd444365ca40003c1da2cf3e0de3b4ad61173,c9cbbb6364f51f790585aec9f5fa98cc,locky
ba9c1a4cd00ef05ca8889eef977af00e13605ee5,43cf78f9d6fd248137068d7bdbb32241,locky
5266808255993ccf71a6c5773ab7a1e7e967df72,6aeec4175a54288cb6f0ca713108b386,yakes
3bb691372df22378b25b23e0f5f4ed6082de8ca2,bd90a988eb792f4799c4d3c3f20229a5,cryptowall
50c09da1a3ced4cfe94ca00c64c67c962ee439a6,c4cc7deb15f806a5672f65879f85b4f4,yakes
afb3befd8e34b0103d151b23fa85893fa2621bae,6df94c280bb0071212b9520263e061d5,locky
e6d4b277fe945ec257ba4683fcca79bde9e78f21,3a384fa70e6a4546f780e75ca1787aa4,upatre
9615dca4c0e46b8a39de5428af7db060399230b2,ea039a854d20d7734c5add48f1a51c34,zeroaccess
16f57eb6cf23ee6960937afba1a4d80c4106e203,7fafcb9f7b50f7dd649aef7d93f4ba28,locky
e47eee6f6164e538df929cea362138d5716ec683,bcb4830713b16b3b70e214e1b118e93f,locky
3740f86610e723cc0b2482fea19475cb518a0869,1bd1853931b3bcafb268493202a90c29,locky
40ed3c4986157af70150e7125347b8d609bca292,fb83987f731f479cad3ece5ec0b5ab42,bitman
848f58d3b2aacfeef127ef84d19d4264ab337dbd,54a760709f17bf83c9a0be441e9c5472,crowti
16463034657610b2fff8f457d9e6c226d23e103b,92ef82cb2aeffc0821ba61dd6fc7cc44,locky
6988c6dedc137e878d749779fde611ab9ab4d6cc,93f751bc1e41f59a68fe528b1611e8f7,yakes
ef370ac7ff3e55304cfb46978a88bcfe870a24ca,1c1187c0dbf9cdf8d113aa3bd42d7b3b,teslacrypt
d3422d54a69efe84c91fbc6ad615642ee65da389,2f75d71b63fd317635f4554bd4b72bba,locky
7676b31660ef5bf50cd4bc2c00163d7994aa4e81,b8d91668acfd17e7a9348dbc271a6558,locky
185a9c33e2b716fffe267f8bfdda7504ffa9ca6e,c472da4bba3005f8665a13a1ec27e248,bitman
90253582c77675c4943ec20394eab36ce5e5d802,26455db9a04cbf68f1e7ba82ce024810,yakes
40b82cff043d79f03d67ffea1a8595dadbdf66c5,be19520f7574b511b12867408c800cb8,teslacrypt
318b988196edf3d79f0ddead9c43c976906d099e,307f9d621e988adb782089ed6e757f49,teslacrypt
1fc84e1518194d787b0006bd4b7038e44a2c08d4,e21231f6bc54374f80283be8fc896980,upatre
0135c01e7e2d518b68b70e848385ff8c95a7f974,1cf42991dbb5a3fbbea69f71fa019803,dalexis
86a3961d37541c7283aed2d38cf7dbe806d2b596,ce26828332a708f3805e7dee4aab7283,yakes
ef034438265d8276d4050e0ff29d06c1a652ab02,ef59c1e4c55d64452ab6acd2227741d0,shiz
92267d28b74175730b1f1a1aca50f9d3f1c367f0,096fa602636c062574ea78ea6c2f7962,yakes
ca37624993fe3167c738eb8053031a8f5b696dc5,96126b3f0ea54b643d85e67569513c6f,gamarue
0785c7cd13c8fdbeaca401d68fbeded59cafe0f3,f6533ba7364f96ee51ef5d35d32c3583,yakes
19abf4f23b6887f6211a73c4019bac7efec99e6a,f0c1c61e40e8ff83dbcafa8c184f66b0,bitman
3604ca7ca28b1eb70655062b9bd81a06930b1dff,513b2bad427c31cc7c6f3a225ffc15f7,locky
678b8e1d780fc9a6d3797018af67a46fa52b418b,8033cad1f4604f91a5e6880967ba14d9,neurevt
9f4d070a1b4668d110b57c167c4527fa2752c1fe,c82d64850d35cc6a536c11adbd261cf6,matrix
39b6d40906c7f7f080e6befa93324dddadcbd9fa,af2379cc4d607a45ac44d62135fb7015,petya
3b2216d279beba2b228f16648bb1078046ce142a,7e50bd937db7ca4f8a07a23681bb04ce,upatre
0b4e42b549f87b04f7b14ed5a3efea174ae5fdfd,eaff4e2a91369bb50dfa87f6a8d5aa5e,yakes
9184aa5dab016f041824e53e1449edd92e36c960,137e9311d5807974eabb5fa394de0a15,locky
cc112479e89175c8ea329d1cb3f41d4c81e53cf9,4783976c02f9ab42d09c5f44f1ba7c74,locky
a42fe4c6ad30b0e682396a5ba5365655ba19d224,718842871546d76becfee65990f9154e,yakes
d9418ca05c25c74716b25cb0b603d45cbafcce65,4d02d28b03b982dd8e3777cfe8b5bd5b,parite
e8a04b3391000fc03dc80df51a32cf5b33d2d5a3,47ec1ad4b4403d398bd4adb1fdd130ce,bitman
9c286e94e0a2f90a9ef18131b780c2bf9c13d05f,cfb7b66bdd4c4ebb42c5bd99d30d66c6,locky
745deb8f35d7199d7d9b1eb9b7e1ce2f53cf3a75,dbad7418a64ae651bb78cc6b8ab185e9,locky
bc0f3057206c5af8ada2e903887b886a474fa431,99ae58aa0ecdc905fe98a420d7af6170,locky
dd1195256c4fdf802d990840157cfd17b6422dc5,9e28d0a7d26fb3db22391448f3b9f6a0,locky
f0626999b7f730f9003ac1389d3060c50068da5a,7f87db33980c0099739de40d1b725500,equationdrug
d616112851e1a25a4e199ca43b7094957b262719,3f114144d94239011546126df0f40d95,locky
154df7cf1bff96dbe6e5838b38f1182f20efc6e8,2e68ac6c6fb1dd81dae9b45f29cfa234,crowti
9711a6d1a957e6e849fcbe6c8ad34a6c50c38eae,266e398665838d2f83d8b71d975c28c0,locky
a1b806ef43c189e10a699328fdf1d4954905ca28,9e42d821b29c46ad458d62adb8cbc9ad,locky
2c6a9a8065e8ba37ae16a588212a3be6ead8eb91,f2e9b3b5d18523a0de5d666f857f176a,bitman
527300c4b9e08b0603b6123a0504e9a6e5c60a66,606ae65760b24cc07938ec91a079c987,locky
284543a6bf484a3a6b5554c9c4bdfb4807d055be,cf96f75573bbf220262258db2f834959,teslacrypt
f9ff58f01831e4dba4b43c65a94417a7aa197715,3b90d093d8e868b5c8c9381f174db594,locky
538ec44766762c8c3954c0bb805b496f48e3a407,ae25004d994e0844920a0af5f6bb0dfa,crowti
6e220b47be025f7892a391bd84e1e433ec7fbef7,278760436b3e1cf9e423a5868796e74e,yakes
633bb9c0d3df635cb4d714a7583a74ac029593b3,1c2f804eb9ef33f5ab481edce02b383c,upatre
101cc1cb56c407d5b9149f2c3b8523350d23ba84,415fe69bf32634ca98fa07633f4118e1,singleton
7c76c35d74374a7feafd2552c3625891b041b9a5,2de1ac3486acc4e72ec5716b129c9302,locky
1ae4d6492614138d4cba3679f560ac32533962a1,1b9ee3cdc25b633ed144eafef24528e0,crowti
93e52d19b7548a55068853f13b89e5111bcd3a12,886868ad2c4ac763430b1d4a58ec7b2c,crowti
8e8b4829dc44dbd96bbec6ad0c8df45db0ded4d1,a472e85cc042926c80d8b125f6fbbdf6,upatre
5b69a77539f8faf7452a671fe5006b685c2ab281,ce3162d1f3a7d800a78be846e44e599c,teslacrypt
fa0af780ad797fde63fa3c89516218f725738ae6,610d66ba7d7f1213a8e8c29e4d087713,yakes
1a5801e66d2567c462f35360f613d5fd7c2b52f3,bb34c34e5d46c7565f0c49954199ff8e,yakes
331787584f831104653720731d129851c314a9c1,3eb8c54dfb71d8839de9aca39dd633d9,locky
f62d41eeffeca4a652585c1b810d7e331a31f2ff,2fe83feaec2f3cabaf8ea21926e7a6f6,yakes
a3ae2c1c67a17c6ba1a24500f2a26736951aeed4,164ad98019c954c416f8d1e06411a855,zbot
d9ade5bfca1503bc203bab4195213dbe7391b52b,eec1278b61cb1a0cc6cc7a7969b38987,yakes
25a0d5a36f2eaf99c3f57d40cb37b3a8d073e871,40c2de01b65b2d54652beaafe6dd4b3a,locky
803e43ab0e16ccc182a519880db1c3e8f4d0561b,c7887058b046e9920c1e2d0eda03ba8a,upatre
d8d4178688fed5e995d15d88521217ccd78f393c,64215586c557f41cc4a065962dcb52e5,locky
5bc510588760d1f662df2284f4897040fa7be10b,2cd6d5ddadb5c148d48e61d16cf97fd1,upatre
0247bdf728d58388e315f63ba7b7b6684d696c6c,9c4b8d8d4edabf4e1cb15c1f0c14733c,yakes
92d12566916186319e937ac701be9a1af5d3a686,64af4b39cf1d89af6d0883aa608197d7,locky
52c9ea66cdb3f05b1b8c5a02291d50eba6a99444,9a080e39bfaeae63a9bdb843d757411f,upatre
5a36913123632a3c01443c7d6e7668c70e0242cc,c21ba42e2c731435cbf5bca6f67c1cdc,locky
de23feedb3e1dba045a5ffcf6925ee30151bf6e6,f09313f156d7c407e92598deca465179,upatre
03c67fd730b3e4ab073f85c455d939332fa74db0,8ff981f663d131858bb035a02bf297e7,yakes
b02946248279ab413fede61a5791721fb07fd84a,0361461db100e46880e7cba4b19ef0e6,teslacrypt
88acf1b62196e5257aab3f0d9de957f612b60c70,ca594a853629480a9f830cc401b0e83f,tpyn
60c643c3827221569ff3dbb852da0fbef98c5db3,1e120ff1ab52eda5f778af4f5cb6a6bd,yakes
f13f935bd30060dd2c4ca135e0b0964ac9a0bc33,5105d214ea7128d1aa4ce43b55217a57,yakes
5c230415e528400c55e975edabfbf2dded44094e,c0794679d005ee4c6fa9c451939bae4d,yakes
059a90bcee8eded788cab48ddb31412645f6e6fe,573ab2ffa8e76a4d35d9d0217159bb7f,locky
a2f1ab8171e73fc341653e3da8f9abbaeb90dce8,579d4b0507797d8d3af4042e648e1406,yakes
fb80f278bddee9f18a21e0931dcd2b1eb29d930b,b27894cfbe3ee87808ed1f22740bb5bb,locky
70fa9129ba7612d9810f4664cca6569f2ef1d712,0df792234f673b6c47e1d5bab1c24c79,locky
a9465e4a6046736087f05ef9baf6e370180ccca2,f6a8270cb3b95ffaa8247f5a39181729,teslacrypt
634ea661f98ada3ef02ab1b1d5b3a6e30dabd1e0,a1f661b9e4fc8949347f8e28177fd497,crowti
8ae2694583da0771c2faa57d4fda17aeda343325,58db5e43e22337523cd78211209b0a1c,teslacrypt
e4d4fd068384b7c1a003a84c3a58f82be5e3c2d0,c1b9f230e529e85cd7ba0c86e6ec0be6,teslacrypt
2cb804d0480b3f00b92a35785bf778c580696512,294b09048d0a896fc2c18ce8674ab5ac,teslacrypt
12a207cd07d25c27120fa45acac8b795ec28a1ce,bd3dac04676ce2f9a9f05dae3d740f84,locky
bb984a728ff59c83f61b3a085a562e4be1618414,3d9eac78101340628f8cdfcdb0e2a5bf,yakes
23f0ff789c6fd13e562a72fb82f5b5f310767130,d48c5fcecd47bf7aab82cc83787ddb74,teslacrypt
1bdb9f289a03b6ce816bb2b682fdb062b940fdfb,fb28454806fb2db633f5178ac985ca74,upatre
32c26512e9065bf94835eb231ad722d2207b50ff,1d25f9ce14a932c42f325a6c1a06b3c9,yakes
07343b93f7cd53cd1698f26b458dbe37bb2e1e23,41e42625de35ef5792ec24c6965d079a,teslacrypt
87a93c42dbffe3123f1ef377394f7f347551599e,c11e97cfceb5dce6f6a74e208c46819d,locky
59442e633d8edc7827f7a0a0ad55b90defb41f5c,d594fb289105f437a6d8f62b6720ff49,deshacop
3200888e64b53fd5ac28cb34c6c1bbf933104529,aa61a7a83e59377fab845910fd25c94d,tescrypt
3160fb2f250473a83bb244075eced5a99cd61a76,e1cc300cb6cbf6c70d6b38633749d5b9,bitman
8c38b72a516ab802bf5032e8a54e2ae0b40a4aab,be12f4239a05f997fee54b1cd0a0e569,crowti
5c9b8764bb03f5a0a47d1e0fc8871b24988a77b9,5d56644d545edac4f78222409a6de274,upatre
de68f0598656203d2ffb64a0d4b34294914272db,9f3ea1850f9d879de8a36dc778dfffba,crysis
3d09f1a09bbb3546f7b5919884cbae5b2e1e67d6,a953a82711df4d76cbb516435549c6e9,teslacrypt
6bd73edbb89d5689fa4f721b6817fa7525daa17e,1680835ab6998271127b9d172cf1c691,teslacrypt
53521dfeb46aac669c01db1e44e13a9f750628a4,db790d0a047f7e005d1ac1a582f24088,yakes
8d03f6c915c221efca2af88012941660f1e1e1cc,e7cd8068e2365db3196e0d4486133b35,crowti
54d11dd49a0a67c0f3d9321da68ea5a85e6efae0,999cdbcf4ac81127dd59760f71ecc830,shiz
65237e1bca38337830407f16d71e3afee68a2660,dd38e35a237ea92408b1d0aeb91a4a99,bitman
9d5588278d856ad3a3209e99439df00fddad8eef,3a0d9c718bfc1c01958d2a1318bc07ce,upatre
7c6ebb8f62307a1ca977a7caa3de84d016fb7fae,e2e052310e6c2927a1fabbeaebc54b43,upatre
cb9746c679a5d37048514244b2b05278bae24180,2b57d9b650820b3ca9f66ed5aadab237,locky
51e012015833ca93e0ce4b23a670a2bc4b9fdf39,d2ee43d43391b853aa2d4bc9d5e2bae3,cerber
f63d97fdad02f358ebffc1a1c889446bf04d6e84,bfe8d1839845f64ab2f18f76b2ea55f1,critroni
b4398db19e916ee706e5f75053d2a60e454214ed,e6d29ddb7a4c879f15d266322900a22b,yakes
f20e979b44525a6cbb66e574717b9064734806c9,9323319775efcdfc49d67a479ab3bf05,upatre
446ff625c8966dfaed20a46324926c1e2df916dd,d01aa25d37bcc987395bb00cdf9b235b,locky
ab66379173a512d990c0c1abbadb27b6c5c1486d,0723c24643561726c2f7077ec14ed1d0,yakes
f9ebd880f4fcbc42e183717ef70af6e77cc9988c,e19becdc268a6d525ba360bc7f69f80b,locky
2622e60dd2363dc87d1c164536de06803a747748,f3ce6d2834bd19c3f2a710c44b293117,locky
3967afe0d9c58f494984813fe6aee62daf93d3e7,65630b920ce7f00b60ac2361774fce9a,upatre
f23d129451eabb8150e81bdcddac3dabcff70fa1,c603ff96bbcef09c3e6372c29298d4f3,locky
2b3649adf340268a45dd94aceffe748cb5d34dfa,2b9886cab619a4be0a7e6a586656e722,yakes
6497c336dbde8a442034c326380c7fb2aa994fcd,deb865eca4a4c3b4030e36c87a58b20c,locky
bf472ff6ebfd29fa207dd980d156924141d4bcc1,e09fa099c51c77bad2c644f9ce8101ce,tpyn
4228e5a9a9294730fc7bc7b0927d4360e2e3d98a,b744fa717382aff9235cc4528e599719,yakes
3a599aec84f1cde39b105a0ad446c39c5a2dd2b5,4691efea1048d96750d0be4cd1eb0de4,yakes
686053793f0accd19adf732272e2f16cb4609ad7,68827646f2f91750b58c8fb597a7b654,yakes
4986eb3f961559cc456d5a3d44ab1895ddbd6366,c68380ebda725dad9c3d71d98704ca8d,cryptowall
38efaf50e7f18700256b473a6c3c3a6a6d4245c0,f25ca21c325c5f12ce33e3308ed60da6,locky
58f40f4d6cdda0449eb1cf7a176b801fb1f13717,adf746d5922001f0327313348a19d30a,cryptowall
ccbdff85419e61987fdb7291f9966a046b0e4b25,96afc9cdef3c623e0c5420e339c57283,neurevt
d2a8413cf8d24c90e5d99d0fa56eb36ff93d2d11,a6bf89594d36f2f5c499efde3c584bd0,locky
26a08af6e356ebbbfb7354f52a5255e3f1ba84fd,65b788c7b13735efb5d5b9d0c06bdbae,bitman
5345b95eeffb840a6623d210843f571bada6b4cf,8d46263135f36dbb74b76f41fa281a03,locky
b7adbc273dc67bffda79f2454a86ebd3edd0dcef,161180a2e378b9236e5068e55a0f3258,cryptowall
fdb3e13a550aefb6ac220e6415809c80220e8792,d34a16ade592445333e54f4fcb800b19,locky
acefe15d83cc2de4e73ba9b11146757c32262f8a,ea937dbdb1eff1cbad2e8925127d5517,upatre
0161d2dd582d064f7e7f50ccb43478ff0884916a,607d292bdcdde297252e002e613282ae,matrix
1cb386a89ae39653b4a7660ddf36afe25e2b773e,224e4f6910266bb7207fdeee99cb115e,teslacrypt
da11f9ee1f5f0930df345a4546ec9ee1167d649a,478b18404660cb7a461a1371deed330c,upatre
3686afd419c6f699e06910c0199aaccb05863de0,72df4c18a43743de3b92d0b30d00bb70,yakes
7aeaed85193f5a3b5e1a7be3776740c6344dd9ab,8d613a6a9e1c2834fbe8cb9f833fb9b9,yakes
caf41ddae0261c9a8e13c0101f2743250cf278e9,b705a416dec8b316e7231073c28c9129,teslacrypt
0befd330fcb41aced7412c644944d178144c3155,148f5b514b3a5f65f2b970cd9dfd8fad,yakes
3766c2612841a8fe26120c74a63c4b47ef1b6675,1bdbca3553283063f4874dabb9d7a1df,teslacrypt
cbe9249958a471dff6acc5c1ad9b5ea34f045c11,a53d63a2d15d9bdb20423c2c155b8cfc,xorist
02c4f8f9fc429a9a7d187ea3bcedafeadaa161d1,6a65331f4e3e984db7ea00d4e707114b,locky
36b70ae0ae7d28ae1801209b0fc93869ebfc5c0e,5926a91cd9ae7b031c305d11b19a2a90,upatre
57a32a5164055059c5d205289baa7cf6803ce544,d2d27faa4761bcc7ca936625504d5f9a,yakes
c4bb8ed036539c385127344fbd21d33dd66f3854,732da7891861bbcf5a93dd4f72f4c228,yakes
e0d27bb470695de85278e532dd380a0729a10d0d,8354ac85e58df45fb0bd21273132cad7,bitman
bf27a121929be7762df1e75f49c4ad6a5df1746f,6576e68cd91a098900a0fce9739a00df,seven
64b7c59c620cd596e3070c11e72f3ae52b9fe04b,4ee056bba46e71cc35a7685995483e24,yakes
39e56eaab6ba6b370519fd779a9d3fdcb14c2b3b,7356a08adbe68b27657cb40b3e21ec4a,teslacrypt
62b6721ead013e39b09640b0a9bff75daccab863,d68c2fc54eedc6381818f1d956ede307,upatre
c038d889767fb4b6ee5363853b5512d71e36cf91,e7bd736f5ef779c9e025ba90ea678a71,upatre
78cc1cb5c0c419be7b011b8f9837162618604c8e,cf238e5e66e6f6014e995553125d2188,locky
3238e8cf346a63fd38e4ae0db0aaaf01f8b1b619,0861bd5124f185045808cb624f7de482,yakes
9e2cdd698a334a1779b41b011bf62c94f7f695f3,4a52ecb8b4b7c0b0bd6775cbb7c636e4,cryptowall
f776e6689ae849c49f9d94c387402e9636078163,c61cc0959fd370472c4d3c4c712b0ced,locky
55f407ac23f9a2b3ebc263573298012bd42a23be,82c448ab492820e38304872e82a460ea,gamarue
89b788853a0bdba4007fa1c85a81dc09c2dbb2ee,dd131c4162d622d3ae6870fd489faadb,crowti
e3047fa2e4128af1ca2cd5a854a9772421ab185e,c55825824295fb010050e0a8929088dd,vobfus
b75f5061658eaba0abd780686f4d60eeff3cbf6b,e00227030c6dfe8370e89bac5b103240,zbot
4b1572326304dcf6f9b080cf3a703c7eea5dfc4e,8e1899b424f8602f7349572c073c76e6,upatre
a83af99772d06b0996e9b2d37a91859c7cbbec11,e81d82967ef5e9096200b5f4952f64b9,teslacrypt
402baba6ca3f205ccc639c6222f00899aa824080,c6ff697b6c1b2164ede3fa5fac0e127a,locky
58662a1904a5c54ee2120fa1eecbe958839a56be,176e40d07077f469b070c81e942c1c1a,yakes
33fb195697ec214f187aa0e05608ea822809855d,def04597f2b6fb32d04df848f50ca560,yakes
7b34e5c1dd91786561204ebac31f3de2622fcff6,6785574a618e94de1fbe385fd209f5a4,dalexis
ccd25d023426bd74adc0404491eedfd70e194ea2,3867bbc96b1edfbe9828853ee91f9483,bitman
240c28fad179150610198dcc931e1accc5dd30e6,95a72f8bef16c45aeffa1b4394add615,teslacrypt
a6aaabf1831ef27ae4897576d3010a3514826618,e278d7cb931f3fd121d0732838f602e3,cryptowall
5f21d03bf26a78a7e65f5f182143f9994c6693c4,0ea62dfeb315c9c1dd50654688fd0931,yakes
4b2c33800314a0ee07bbae6516a80daba69fcf7b,b4849d5a8897a51b388bce908d24b1de,teslacrypt
faee81263072e1f85bc5aa3fb4cf6368bb60f504,2cb89bb158fb2ea8b103cb8f1f4744d1,teslacrypt
31fb9adff2f3c42dc2c75f00651844d1bfd82511,ae8f2fc56ef3c89b1e7c82a0a943119f,crowti
3004b5ce8f496c6f6c539075142a7d8e98d43c5e,2828d886337d31c03d7c3fa477b16c87,kraken
c58a81435bab202588d1019fecaba4106f64e6b5,15823e5ad259fd1a18337218bbcceea8,yakes
df92f7455abd1957fc4fde12925f7e13d5471bd1,e70ccfec858d29c72040164fa8ed8beb,yakes
8244361a88a7fef75aa20aa5a41871a195a03dc6,aabb107562ffa3c3447864f5fffa4574,teslacrypt
d3b7247a83f79d46dffc18d1e0612c072ae81f8a,572ddb3563cafad58cb9e5dff49260cb,teslacrypt
646eb2ff22571d2792cb691ca5210037ec3629db,03c3eedf38c845cd28582c9946b1dd78,locky
6d9e2a23445d25fc14262a3de29882417053d236,b9c48ecd4e9e0ce94706031b8ebc55dc,locky
20a6ed1e935e2fe913cae28cad3541f8d339a33d,932f61b1671b847511bb68883dcb001d,yakes
703942ce4a48dde1d99b7e643c5d339149ae9b13,620e7b252c5c861605422f52df107fa6,locky
f6e76acc19c19feb24c38799b3e52aa6ee671a74,e95427378d48a473ff8030c1733f615d,shiz
30ba550ac95f981461d5b0ce4ec6d23f72ea93b5,f4e1fa2d233f0cdd8c96b3d71dffd7c1,upatre
ca963033b9a285b8cd0044df38146a932c838071,47363b94cee907e2b8926c1be61150c7,cryptowall
5913c41389629d128c6f174a5d388054b88ce945,7c6bc17442afab64a9d0a4195279ca80,yakes
b477456e57a6d10cc7e73afc8fcf8392c5d77547,ce140cd361d4c1b6b06a9df702919c23,tinba
49862202b45e23d68da8465c0e4ec0473dbcb1cf,26cf4bba93c6104af81395a6204a0950,yakes
eda38e41133a228859297598938b63368c632ef0,0c7ccddbb7d983f35f9b769f5cedfff7,teslacrypt
2d758597a1f3e571a800af31ea7bdfdff800b79c,406740928acc6aacb54add8e08caa3b3,upatre
076595fcde5674e06d89347fd68a08c75198352b,dc1a6b66906dca7c9ff3ab4220b7f2d1,bitman
51b4ef5dc9d26b7a26e214cee90598631e2eaa67,6e080aa085293bb9fbdcc9015337d309,bitman
c327030ad044146cec787727355a007ef8fdd36c,030a5859284aaefa0e4e3def7a57f995,upatre
46cd6d646a31463992b257aeb0b5f5891a3809e1,91e2bdc7a12dab2e1647a1a901f51a23,upatre
ba25a73a7bdbc5f826fc42c1c26d98dc3dae05fe,2b64f64e9b77343ef5d580cea55feaec,upatre
499318dea514781cc2278b1e5b9c4c46fa45d866,491cbe628b0505f57845ee9ae82159d4,yakes
616311940a90521d1f7cc6ec923250daf0d0ba52,62b39dab266e65b7c91b33f098c35390,upatre
048ae4691fe267e7c8d9eda5361663593747142a,907636b28d162f7110b067a8178fa38c,matrix
bae56c154c6406c237bacbecd14cf6c217d7cbaa,1a1e7ac2edd406c4ee0aa0688eab8df3,locky
b1ae538489cfc21a4cdf2719e8105d9801c0436d,6468882a5cfeb0619943e602b066f686,yakes
3da43bcc8e7ba488d101706d388df311f77c7acc,eccdc88775daa331c8a216423e32a85e,yakes
7dd2f8ca143ea40fb63b90aba0faef443711d987,be6892d1b91d2d7c02ffa9805aa043a8,cryptowall
5c972747eba5b3891d508555c6cd3b720e615be9,20435addfa9851e3474589c638d101d8,yakes
03c8ba80bd26118c5023a0d507318841f4d81992,f0b9dd6ddfc151bcda7c2255e640d3b6,teslacrypt
7e3183d05a19442ea5220ac1ed9dcf5ba8069930,9604355f607a92265615b2ea3840865d,upatre
3afa73283d1e17de1bde6cc14e19417e70fc9554,0c694193ceac8bfb016491ffb534eb7c,wannacry
14dd605981f1718f32debf56517414db07d5f501,810ca0594f5d4eb815e872881e0453aa,teslacrypt
2b2522a9034169619a51821558f18f3990bdb14c,1064153efe7ecf09ebd25e522bd78b69,yakes
98172e49c3d5d70ffdcefd071f9762c58430a393,5bd44a35094fe6f7794d895122ddfa62,singleton
6b63b34cbc35cf74307b23e5eeca824f4aadf38e,7f7439bec531b374a7658d4ea4cb2e61,crowti
0b6966c7aafa149d4c7d008152b902ba3b798b27,2a73703f8f34b4fde8589118ca4cd16e,locky
1bd1c250757e7ffe1300c28c0b315068ddaf6518,336f165be61474e291baa82e63282d76,cryptowall
65a26ff98ef9b8717f4b6f8cef0fdaa9e4b02116,5e7ce7f47f30dc0351f0f6c99c869d8c,upatre
5862a627b80ea4aa45702bd272c2890703a61233,f9db6a5af68a0b7c62def5d61fcdf941,locky
9efcbe4c6849c1d2b1f6aea05cdc1d6645d683d1,53f82606527e893b3a2ffa4ec3f442bd,yakes
d14a5ef58a4879d4564e8f7149e09355f30d1bb8,ab4530b543ccc659392965e75494b6e2,locky
531a334a0be99aff4c74f9a8dfd81ea8f3630360,e40f0995144816dd8a6062c5e6cee39b,teslacrypt
94ca2ffb528f0726468895e4f57d846d8389134b,3abba64ff7043510d5a3c211c80bb749,yakes
5c2cc868cec1a110257925d287641924aed47408,960823ed5cf8fd40bc3a5beb85cc0c56,yakes
3aeceb5716775e5365c3442da510e66dfb1e63b7,759f9c1bd67c9e32529d9bd53c1e456c,locky
366d18c6f2c5bb7d156cb5a88dd2600a888e88f5,03a070ccee1db61090ca6dbf774fb8a4,bitman
49cc2494f008e0c3fa43680ea5101ae86b4a975e,d5010bcf62f6f9db5e06be7369d6cdb2,locky
b7fb330feb07f7e42423c008d7203a1300f90c59,c94727dcf530b564de185b18bb973908,crowti
e52dfcb1702e8e26d5e55168e22d8f69dbefef53,91aca37936728fdeb3e07b523cd224b5,teslacrypt
2cf4c62f6eb0f11aef5dd7bdc77dbe262213f9c2,b961a619687f4011261c0c5ae6e78a46,yakes
ce0c0e278897186eaa8ee5b96b08998a6c9b22c2,961e263d5691dbcce41e73a07709e0d2,yakes
26674967d9bb9d841de475d19854cf9eb17e589e,30762c1aabd504dfb1598fecb4e8fbaa,locky
f7dbc482fdb232effdf833b09addad344a1d8a22,8651d7f914b45677059cdf7b496c80cc,gamarue
9e47bd254d16b10185df33a0e89cc598d3a99be2,93a622ab67f174ef7cb57f5c4b09a13d,locky
1188ef67038c2f14a754d89e994658ca716505bf,55522c1da2cf9392d2258d90652114d2,xorist
7e8bf7214b1c377b0cd63fc756e29f132c21cc7c,3e351f012a846754a5af06543b94d1a3,locky
d661988e97fea5de92877831488665c99a881df6,a88f6b04e948cafbe2cb8481ad20650a,locky
73d5634fa87b35ddf4d3c572e2921520bcb905e7,19a115f61d68e446e5b68e054c885e1b,yakes
f174946cf707848eb1eca7a2e9d6a4fdb21ef6f8,b6be71f4b6415238663684687d65cbc7,yakes
535e43771accf51134977332b6d127346cd8a058,ffe99e646be8bcd8f6422c35edd66a30,yakes
e1243340fb653da0746202efdb13867ebcbf00d1,3dc93bb2ba66878567472215cadef2c0,teslacrypt
8823a3f3740ca719f5bb86f5307354e75725247f,672ccce05a6feb21306bb3667e373290,yakes
12ca46b54467da3a2e09bc40f58ef97c29c73c02,f0039c93d3bff8117156d3f71564e3d2,crowti
6b67a368345d2b444d45d9ca72afdf86581073db,a231cb2fd304ffb7577952f354ced7b0,yakes
02d49878fe8e33f2a787f1b810e1f00d1e33e7e2,840bc32da3412860597eb61ffadd8e9c,yakes
556b9003e74865dce112ab22be691518f8d9a894,40741626fb6b2637c882d3909fa77f9e,teslacrypt
8e3426c9dcb2d0ea1c7b0badc8b69ba75dc00249,50da25fee5229dc4bb740ea0d88aba4b,locky
ef549eee705104bc268c452e78f4d4ea0f2f2d85,c2ffb5e2997045f3d2e85174eaa019fd,locky
d92b0384f2973c423517e63b6d80001f2047ee82,a82dd8d9626a7e8bbbc28e1919506672,fsysna
33c0424b4e15f2a1a84abe32801c1dcfc817e4d0,169bdfc3baf20edab9b918ec001b2131,upatre
4f73d6e3e57f75dc52dd7d854e31a2dc692c4564,f9570cd1e503149123584c9288a50e12,yakes
419a86337052779a71a12f19d6d1b5b808b3db5c,7f435caf7fbf85f44063544ba836b764,yakes
bcdf4134ebddf36a8ba31700a268dc0b13bbec36,81e824f13ff2822d9dc10726c672c673,yakes
8a5a61a493bba856d761415002e7798889be5862,17b193dddfde942aa8f5babd61d08488,yakes
ecac4fa9137ed78cdbe91d448c9e25b65d357fc0,23248f93533e61875c91fd6845b7869b,teslacrypt
20e9a7fe8a8146316ca24bb4da34917894e13ae4,3092ed8e81020d0cad82bf4aca297364,yakes
51536bec752368f6322fa881207d1e9e63a59302,f004b617285ddf01f0528ccd079fdfd2,teslacrypt
fc2d70ee9562e5041bf63a92b7526a8abf7792d4,88f43608a8c0bd590694a1ff9375b1aa,teslacrypt
6e629a23a46981859b2411b8539e8a7283150690,f43d890fb3e2293baa1d9f669b79162f,locky
fb4d72403145259a0991e281d6cbdf2af36eeb6d,3fe4eca9cb9632e9cbc5e69eae840678,yakes
9847d18a665eeba36380e59d818b498a8e17ce1e,f27563cf2daba21d5bda4880e93b198b,yakes
53566506d9e4a0afa6347fa203378f5f4076c0eb,7ab546b53614171a08209616c06e0979,cryptowall
97a87d4e7e353425941897a733dc9244f0eebef3,407754574e63f585e3e52c05f1c95c38,upatre
2cf4c2cb93f23c08557079d059e4bcd23d89068c,5fb00ad041217a2629b086671539697b,torrentlocker
760a15c72a6be213c4b453aea685222a4a85d0d8,ad8ca823e7b1413b58a0aa4f43cc138f,yakes
9843aa37f32e29cc5eb75439c1409b0a143819ef,afa0d162d33187227c533b997961d2f3,critroni
2f0a828d187a1d4d0761f3a2d60b8540012a54af,e89f09fdded777ceba6412d55ce9d3bc,critroni
36f7ca8e044127ef50d8b87cf810d6c6662d883e,7a8fc81a9f2c654304fbc9aa14676f3c,locky
e634ed20e0ec6818ce521ec5234a41a7b1de5c0e,c04eefe3ec29c1e202a5f3649c9cc65a,upatre
81f762251bbc9e41b550b68565d9d151809a342d,e231ce895068d5c360a776276e26563e,yakes
32996e4a55e2fa9731e3cdeca6840662cbe4dcfb,7627c3b6a97b0f8f9405984fc476416f,cryptowall
cdb00ca8335c1cd44b0c382bba9739af23cc4d8f,a6ae8702fc4aed16e0e05ff42fc58a98,yakes
10280dc30d0cb8058546cf5bc635105c31cbced4,aaa9559a2151fab05ab92f9890311cfe,yakes
b20941c83e5bf431ff37d7c83cd25b37a09b820d,e2f901673bd8000e6e531e44924bf3c1,yakes
66fd095c19165204d31e75a352d55bc10a51742a,d5c25846bf12550c18e62ca7a53e05a1,pwszbot
793d7ab87bb8562167d1f57ec48739f81fe5aaff,e84f2c0b0b6dd8e0a26e6ca4eaa5670d,critroni
c3293a5b6c81074f04529a13c59b605d45c897e6,7ccf0d7b4b23c318cb1198c0803545a5,teslacrypt
4ba353ffe054b386dc9b196274fd634fdc9f916f,468efe588bc89f7f1e820fc5856d9cd2,cryptowall
35719ee58a5771156bc956bcf1b5c54ac3391593,a890e2f924dea3cb3e46a95431ffae39,cryakl
461b3aa507714d1442ccee32db22adec46b7365e,7dc120e606a3b19bb89a66f386dbd0cb,yakes
4e3896c9ce57bd29e93ea5f7961791d34c6e72ec,8b2064e0ec19388c0c6d693dd06cf8ee,dalexis
0256967a0f111a92cac22fc7785ddcd38c4f0bc8,29944b9b18a63180f88d51d899707153,dalexis
2c86f27b21e0cad23186e77c2c1256d4e0f86296,f5436fa7dc4b9f4836e88d0b44f4ff22,locky
0d7e5bce1478bd9cdeda561bccb22eb22cf529b9,7e409b55d878a463e974b50c92cb172d,locky
0f4dc5118061c73c385eefcf809d84583b0a9f17,01bea76a76c67e6e4f83b20bb9d00806,yakes
bb7f6205e025133199a27a8f21a8be1acae2f3b3,775c2b42cc264506c45e8ce793b1f219,upatre
f300e3ea31e0d54a4eee4e4b62b1a4cd63bedc51,390ead9fce6c649c186c72f3cb571f76,crowti
aeeef6ddfee79a33216f4b868e9297b3d04cf1eb,a91e2db92d2bc6565e6f794ed54d304b,upatre
8a409c57dd33e03f70e2e583a9d4a31892316a14,de6da54416ced336416b258d5e857d66,teslacrypt
31473879c0beea1da09ec2490af61485755fb727,8a6dbed270c9fef1de0990d5deccccf5,upatre
b25dbdecdd9cb19280601dc7ebb21e2c10bdc5cf,13fc9750bbdfc188ce744e54f7d8da1b,yakes
b6852f2a5cf2dfc107965a54c22bf022099a8c95,24db80818143b439182ddbbb0d2b1e75,upatre
96d45923f3e6859123da4596f02c824ee12c2b3a,1a078610f6850f6ce7f18c7ef38f3a1b,yakes
e6104333cd5741c67a4cf7b830ea4df9e2947eb0,598a0f26018fa23f7d46f9cd21fdc24a,locky
214efbac375df35ab13cdf22f73a8863d9ea266c,7fd999c31c760413639f6378b95bab93,yakes
701cf7dd09d534e0998a229afb92a5609ee64dd0,c6312cc66cd50a8eadd8c69788743663,teslacrypt
34f917aaba5684fbe56d3c57d48ef2a1aa7cf06d,71b6a493388e7d0b40c83ce903bc6b04,petya
d3d5cf393b4d3f7d2f8dfb9f1133cc9ec4432858,03bc1725257d96da7bd7fda3b3cf3b3d,yakes
06dd75da93e9299622f4d7cae43d3c5ecbc5ba69,59f6970ac561b187920b3ae77b07a238,bitman
cf8274e22ad880a6d3cea5c81e6b14557d94ec66,2253dbeaac7b2f1d7a65877c09c50364,yakes
64f97593596c3bed0f4e714f268d64f487b82e42,fe5ae7082de6fcfa7fef3d8026af5721,locky
1dd365df7fe89237351e7d8b134353108cd584a8,effc73e0f23e6e0f727fe0dee679cd33,bitman
d19683e8e583f682aeb1a020953ac4bfc07bf90f,fd286de9094bbb323e9ca8cde725ae1c,locky
f6a9dbd1ce820e84634c1f541e251483f32bb038,381782ed187a423d43d183ad2a6f551e,yakes
55fc1492a826e5797a1c5e322d70de959998620a,5950cb4d90c16c31bda72c0a48c416fe,locky
36ca62dc387a38cbf5333752cdd3e3a739220cc0,e1e832c6d4f86808fbeb2a4dbeaefe8f,crowti
2e9c931a0c13bf2068343772445e53faa7228d8c,33ad1bfee0a0745141ae32fbcd086109,teslacrypt
ae0c65631dca132e189f82b2a76798f73637eea4,da4433a2511f2aacaeac8ac75bac0ef0,yakes
683c0a6969a412df66f757294951ffd3ce573247,74c1e0843b57821068da0fc92790bccd,yakes
97ca2ddaa3dc9a94650a6140b5f9a5a3345de98c,cdd71c28bc96b3ae9c767cd7d1562eb2,crowti
b10ce1c62d1262e380004e8d9209734977247a88,d2359f5592dc7efc02b116d08da08f63,crowti
736e336acc017dab31663bf099650810c2ac44a8,a52ac037fcd84bac28e1243ab6442c8b,locky
e5cffea8e767a63685fa8a5accd6eb57e7a79338,31bc3b39e00099970b76e794540efb2b,locky
5b063298bbd1670b4d39e1baef67f854b8dcba9d,46bfd4f1d581d7c0121d2b19a005d3df,satana
14adf0f70790b05c152bb0207ebca285b665ff86,0af40bb3e2f1766f463724c51fede296,yakes
ddba21cd4f9e952273b9087dbf99dc1f5a254492,ec6b3ec31195fe1bbaa53db4ac519027,upatre
e239478bc677c1f95653a5e7d32ae2aeb2e49c57,95a5b938c5a554ae2ea356f7bf888cda,yakes
7df83ef2662d134ef130a754a7050ef7468bd609,6c6886e8fe0b69632bfe5b8c6b93693a,yakes
c357ebd6fd01a5652d8202d6d97cb2e72c530edb,e8559164b9c142c6575ab8d66dfa41e5,cryptowall
31b50d84aa1af4f0e76a523382caba476f6e45dc,a93bd199d34d21cc9102600c6ce782cf,matrix
514bd7e068ddd4bbd77f71be3465e615c56cd30d,eaad80fb1418d188929a3addb72acfd2,crowti
79922596d96324db2a12a26d061d2a2f4fb4c40f,1293f604afa04926d72e7ef2e3d34bf8,yakes
701f131cb588324d3eaa7973b0a17fa4b6161af3,34eda37db0ae79828fb18b24293a763b,upatre
20510166d7a2413be0a8c6cb5b31346da4cdb625,daff505327b91110f793d08b103a3aa6,locky
853a9e2a6c0cf6da91f3300dccaf0b5511881a44,5a704fcdb8f903f313cbe7478a3a2871,locky
52cd785e87bc1d7493e303bfe61f57d2385dae93,00b3b6d7cc99bf19a9c6f4fb93251dca,yakes
b5fba8c4964a736ee608c05f703c5d67b2d4526c,6babbf591b5e2465b8577ff7687956ad,locky
3a0b855dd052b2cdc6453f6cbdb858c7b55762b0,2aea3b217e6a3d08ef684594192cafc8,cryakl
11f1bb143208a0f7916e4e2ceee32a89082e5e45,5d0b320cefa1523085ab07f45db720f2,yakes
736752744122a0b5ee4b95ddad634dd225dc0f73,0487382a4daf8eb9660f1c67e30f8b25,donoff
fda4f3699e390598afe90b05f4229094dbf12c49,b0bb44a2fc12c3941bcbbb8e5eda559c,fsysna
eafe8536245cd4e88640acccd35014306e6d4951,cf652c2518897f3bc2419148dfa2d918,yakes
09772eb89c9743d3a6d7b2709c76e9740aa4c4b1,268360527625d09e747d9f7ab1f84da5,matrix
fb5f5aca39d149b742762d7b281c2c49556c0457,d147b18ef9f6655199ec881758d0b50b,yakes
715aadbe5328dc2f190b5d7549d997f8ac06c808,7f97dc202e0f9dc8367d941b88a5a7c6,cryptowall
41f28c14cb318cb4cb2e123c8466c81d898b9de8,ef112ba82ec11cd050f69385403b0730,teslacrypt
0162aa5be4d456bec486b64762aa5cb603612d47,0484c38ee479772aea90b6e122759f9b,crowti
36cc371acedcff93e28767a7256e92f79b2ec038,633f9c7c5fe01237b93b20d34fb8650c,xorist
f13608926afa2d57028d72b2926b2f0b305df072,03f1138190cf671b2f02ee380d628473,teslacrypt
9a51dff3fccae853f0721f7098e36566d91cfdde,e96dd46527caf6aeabc6ea9172f1aba0,yakes
6323114fd18f19cc9ac8313eb7791fd35dad0353,7b0f0d1df13ccb350fc3260a9c8b030a,yakes
aa5472c1f20cc35135ab9e74c7090a6a393f5677,2a77c6c116ad87e7d75cc0e9f4bc4469,crowti
fd269658e683d2e27e0e64f9d3be08be50996349,53c82d574e054f02b3163271262e0e74,upatre
2cc00036afeff621c37259c434b341e61d52b911,0c004f2a31b0c769cb68b178f09e15fe,crowti
0e566e01fcacdb638b83e9d302cbc01f7e5989ca,b81868c62aff2cce264471e18f773175,locky
fdd7b9a9ad1258c9af7c634ed61f9413afe859ce,954e3c24626b2036f151e58954b39827,upatre
0837acf706d3de513a14a7a26368c27e84e6b593,c3d4fe26aab3d746e49c087cdfa113ef,yakes
8f6ba399abfe7170f4291fc2065bbeb689d54c2e,0cf8de6a8dc1bae1655957cfea6b6eff,tinba
7603f937d6c1bf49cd09eb4dda900b997b0c7220,9017a6d7eea1f36145701ab99a14a9aa,locky
cdbe420609fec04ddf3d74297fc2320b6a8a898e,adb5c262ca4f95fee36ae4b9b5d41d45,cryakl
c2021ec972fe3685482db6f33f6e715cb9aa4c92,3ff684ad3f867e03c47785f908500c89,upatre
989eede1a5bb7355d05a296df6ea974bef4b5b42,9dbc411966cedf16ec4cc874932b2e29,teslacrypt
16129602bb28c3d0f1a9451361d4a395bb28f3d6,7c59d9f9ec4bc3a43ecbfc79ad5148cb,yakes
575e78f4a04439b2d1c3387505c746ea1dfa653b,7ead1299116c54325ec196d882fa1e5b,locky
50ae193bcb4aaae0adfb3efc53742247ee43e272,a6088c4b91b88d4edafc6da1c4ad03e5,locky
b2d304c7b58af098c7a4f9f73d90a33b50fe2484,83c43c66d5a65267ab1422c72ab75979,torrentlocker
c9376bf483593e07ab8e0bb279e7d3263728d677,504fa4ce8e793196ca85912e32693e01,crowti
28f4efd9fbb9bb8e14d2946da97eff28fed682c9,f42d29367786af1b8919a9d0cbedfd3f,wannacry
44016835acc1b0968fc93173d87fe598e722c0cb,217548b9d9e134c3c82763a817b11594,cryptowall
318f878ba82185a61fbcac5089787e961e201924,c79e9061f51de89d89edbf5f99e85f05,crowti
7277a1d24ce0535b823acdc95d9ea418cba5cbb8,c6713f519678e06b019f77628c597620,locky
203a99d2c7d19ec6816f107f79402303624d5d3e,c560f2774ae117fe12b31e8d79522821,crowti
cd9b60e3c452b05eaccb11e06fa0ebc1cc7d663a,6ffb5e10c099ad164f987762befe184d,yakes
7429fb47770dcd9050a0d7ada47ab3557aafcd03,a7ace4ad3804581e49f56e572b7ea05f,upatre
aa9f36bdda4af5b0ef79c2f45fe0cb45407b4452,d0b86d71d9dbbe2357ec91195bed05b9,yakes
2de6d8723021c1daf1a1a55f5bcff52235fe5b4c,1112f634f6f9bf35941224768722e513,yakes
82fc1fdf1963ab8795c89fc9971b4208a3fb5071,1393c854f210652fa12dc72eee9df22b,yakes
2585a613129d7e3dbff3eb16b10ce3fe940c99a3,43478841baa4b8754f75516220e33ac3,karo
2e234d2911ad57ea9b8632986ba1aac63a5808b5,ed2cb4c497fa4e7f34c5b19dca99244c,crowti
54e470d098011bceb3e7ef74b1a943e3b52bfd56,75f6ec8e9fbd43071f3e73a4f46ca9aa,locky
60c33a00578d61f3af208461bf3b4e6eb2161084,153bccb72914761307b36064a75e61fa,upatre
a5ff510cd95f75b023fbbfd88e902b035068f1c4,300676aae37d3e4176952aee22d04df7,yakes
3cb82e3fb7211adbc30a44276ea676e3a00615a7,473c2bef55734365f4c396ffcb4e8ce4,locky
f177afad6786dd890ccd27a6389ae58409e53051,374b887bd90b4ee3b75ed74da7f5f9b0,yakes
afebf9d72ba7186afefebf4deda87675621b0b8b,76b640aa00354e46b29ca7ac2adfd732,matrix
236ac54abe3d9b7b4414ca40cd969e8bd37c186e,6acc1101b7feee4b51f882f6283163fa,yakes
ed6b4326cacf9c8e593b77a5d50ea0b773ebf839,8fccfd01aaad31b8081228a376f6cf51,locky
7da9a87be6450bab5f918f56033a5fdfdc4e1961,889e5dd7cd67cd7dcf27c097d3bd2c41,locky
e654d39cd13414b5151e8cf0d8f5b166dddd45cb,209a288c68207d57e0ce6e60ebf60729,bitman
359562c7219f09f5878d6879b261b8dd880405df,2dcb469fef5e2fd0b9731ae039299fbd,yakes
a0c32a7f0081e9a8011ede4488f77a049484022f,0e8df18e5e2fe898fd593a54947b8360,yakes
1bbdaf5495a0188344b8aac087270eb9d7149b82,379314bf70f4b9d2a5668bd013a8bb6c,yakes
5fda7cb62dacf69c573a5c94aca46c133061e248,f70b36a61f66c204a1891c88abd5a866,yakes
f4ff4c9ea7007c6d027ff5cf88472d6d9b1b34e3,9a485ef755b02ccb787ef49d090aef87,upatre
6da3bb63ff0bf8ccb796274c4892e1589499d706,a062e994467c314bd48785166eca5bb7,yakes
2f339d8b2edb7c07126d9a3c37effe14966817c5,97a449fed7d800a8a635592605ff8a67,gandcrypt
38554bfcc3ce1ce642c132c0998602d1b581c0d8,a74f371d33e2a97e1d86b6d210e3f349,locky
60c08cd640edff8bfd5ba3706c04daf053bd4f16,8cf199e0c7636243e5e5ef73172381e0,tpyn
2cc3bbcf3cdcc6335dc2a5bddc4fe484e861dccf,9723cc209fe36b7668d4a6957fceac24,dalexis
a484b5a49a5b94f045100dd5e659b9504ed99211,d7c62a22cc1a832ba2ce0bfd1c4f9e9c,torjok
7e57ad53b0b7d0d5bfcad4786a6022d87c6b5631,b8791aaab1170619518fc895b5d3dee7,locky
e8fd41832dc0cdd7deb5b1707d980305031d4686,1d6196c94558d26a30f01eecab302fd5,yakes
afb5e385f9cc8910d7a970b6c32b8d79295579da,1fa1b6d4b3ed867c1d4baffc77417611,matrix
783a4b8bd8d2b9a0dcde7214cb7042b426731da4,3c79b6669c2dda17922f7285cd6e28e6,zbot
893da85398949bbdb5e7c8bb2bf9c7389ccc4733,b3c2582ce40c701d5183bf7a0789e554,yakes
1bcd5659a9451d639937ee62f85ccb88232ceb21,e71517752642059b908dec165901f92f,locky
1f6fe7f9492e3e1612f2b7aef27088a468868fe0,f6ff82c48f719397ad5e405dddc1f6af,crowti
8054e1f1fffe2382d38a239418b5d471cb71c377,f5a6ce68403128b0478427d42339fff2,locky
4e1c53941cd807769e40270c11b74188657c19cb,19806d60db8a7749c3513e355679a5fe,yakes
b31170f69028f04780f680a18b3b00ad6f141eb8,a4770b28d864442e03780ceaf66d1c8b,locky
e8d9ba25a76f7bb626be548e873a5762df93bf9b,2aaa20fad1a36854b5b09a3d8d90d245,yakes
50469f74cf37c100fe5b14e5e9513f347e21f597,832b228cee63ec5d533b81d9a908d920,fsysna
34f917aaba5684fbe56d3c57d48ef2a1aa7cf06d,71b6a493388e7d0b40c83ce903bc6b04,petya
c6dca5e2b9b22a02344a247946006f4081ff44cb,2b09e30e88c3fe4923f36a048146807b,locky
5af08f34e45e0aa7623d47de25d3fb531e4c4dba,3a16c43d12a9cafee0d276cd69e0c0ae,zbot
94d642294d06e6484d31f00bba3af5b766ba24ae,4afbd2b0fe1e1e7d4791ed4133df1bd9,upatre
a91051015c5939e393607db951ba81e72561d6c0,64adf1d0159c40d5115d86d4c73c9c02,yakes
6615829d4175482e34383203798b560d13f14807,cd63c38aa4b416f826caee9111c71aa6,locky
081bfe350e6da809c5cd12f5503f45a7c038f28b,384bad3767acf4f0584098f36f1fbcd5,locky
4aa140bc7b29164b5b1f5b301b5b8f753e65acf1,cdd7b1278b7598e969a99cd96a1adb81,teslacrypt
da840b5114a8097931203378f4f680522335200f,e4cd74aaf8d38b06bd9154aad8b7d3f6,xorist
78d3775bae8b047a7f559cce7f8df86c638d6c4c,9fec1e5be3f079e32db632403f24c315,yakes
f8a1d23c4ce51371c49063769c277d2719405314,1e141a7aceb706ad29bbeb828e346720,teslacrypt
06b664013438343c3be1e330020cf9722d216582,94a73fe9f71fc70fee863ca59c6f4420,critroni
2e0867b8365face231178f8a9f933fe099e79805,32321119e5a342274ed63850fa1fb9ef,yakes
12bf94d25ce5fe74d785dddd69bb89c3bfcb11ea,be26b3a67de813539b771dd5290c2c57,teslacrypt
e70685410516c8f9bce8dd54a454ab968c74ef1f,5b149ecd08bdad9160f04c790e2637fa,yakes
c444bb8bfa68f79e2455b97c75ca9c97ac742818,c0798662b4705ae4a25403cc26b83b39,gamarue
38ab622f45eb81f4e66cc1f895560820f44e0fbf,1120514d299a1644019dfb086af9559d,cryptowall
3f0676b945937bfa7dbe5e8907ef7b57dbabac02,e8083c91ba569943cc8109504e4dbc55,yakes
689c9cb40db6ec1db8ab056592da7a73758139b9,e9dafdfe421cfbbdec88031cb9f5ba9e,locky
23cf5dd2737a147664972ec4e36cdae3746ae881,9fd4d9c87668844d3f645b6877d64d89,locky
e5d88d1ee21f1a77527858383ed8d08b74df0add,59ccbe88fa3cffc46d128f9a96c277dc,yakes
9047c2d5b103f2592be63d24765f3b8280189e2f,113013c6b9bba5485d1ff49db702760f,aura
ec4e239addff04fa8c671125d51c1d974a32b56c,4bf530e0fdfacc7d6d951edd183a2da3,yakes
21abd06113355e1a4960a9e4fad013dbe411d974,c1c1dffb57d17c3d49b197eef51f4745,locky
a1204f18c910fff65daa7f43d31a3fef5f2910d1,a9d1f6ab9f83e46f0a3c6b1d2b8cafd2,critroni
c69a0f6c6f809c01db92ca658fcf1b643391a2b7,8b6bc16fd137c09a08b02bbe1bb7d670,cerber
393e70c79c05180dcf8e4c23611c96ae034c5da6,a5670f6858e50bc184728ed37f29cb29,teslacrypt
a1ea40e00aeb5b355e5268ee75428bda6553dcb9,052a96f8bda7c21b8afd181306ff8a28,upatre
0d32a88f35b9bb356b9310a9b7b4216b0988d2e4,dada72357c93f605b26699d1eda40fcd,upatre
7906955a2fa3781240a89f6b30005858269bf09a,4234f0309c8c0a83d95485d954638b78,yakes
5bb04c175b2efa8ab2380702161d0a6b7a0322af,721c33c60049a43c02799c3b5d16f78e,troldesh
8bc195c9d4551ba07b886d6e7c1fb5ee6259a67a,72096c8a5d5f3069513a3a1809e74e30,teslacrypt
d299b3ab71e13be64d6039647d1186735e4eb5e8,d95bf36c4edf480fe9fd208e44c72be4,torrentlocker
30a6ee4d61624a18d5556e146c7e84180a532843,ea612591198a8709e34c6e7f162c8801,yakes
b31755839488889df3d3e02e8c34c39b7cf2f41a,4a90a5de59e3fcf9a1b7ceac8722fd9f,teslacrypt
080d8cbb8b4efe82d18c0b14ddf9d680f5c5188f,1501b553076fb9cd9d7576c1224677a6,teslacrypt
a2f12b364cde9455c4af0318c4a5002a4499588e,b8d550540d9cec68be485ee4edc57c37,cryptowall
c94a1403ad6a9f21ced2881d9344062674137657,55bdea59d41324512eaeb913eb4c27d9,crowti
1fc29938ec5c209ba900247d2919069b320d33b0,1b2d2a4b97c7c2727d571bbf9376f54f,matsnu
5eea993723ec78a515959aef9810567c61b8254c,e59c56cfd18aedf158dd65164c55d9ca,yakes
075332356575e14135e8799337d070b2ad589852,e5643be75d70ca54629071d6080a626b,teslacrypt
7a9aeaa227eff6e87002caffc3639840c2f3c494,182dc3e44fdad192904cca6694f1a475,upatre
40314178a8bf4dc090d397edfdc87f671e80b987,62437c9448cceafd1b7c9c6b490911f1,critroni
723f3fc7e0bc16f8d83fa6401d02a0fc29c128d8,e4c51f20d07fc010a425e392d2acae16,locky
3523594baeb9b3411dc31910a3e806b4209e0904,60bf4f3fb4221f1a55163ef20323d717,yakes
673ada2c8c5e3b874d00585873265560fb579c27,0e329f787ada49f66c93d05fe9d0e378,teslacrypt
10ba3b2508dd53822bb1568b39e3a5be2f2cb8b0,d6324b35398291c119e177081105c25a,palevo
43c0142c3dc4385b2968d153000ec6b6c8283b70,f67d19464e7bc587aed7666fd670bb12,upatre
0046d84e778ee462044b6200fd67130c2fe18c95,5a35173c7fd4bd1bc18b5fab33cd6921,teslacrypt
5f70062dff71987f15aa68429d99475afb304145,524b17132e3d3871edaf192d4156483c,locky
35d0125d8ca6457ff4604d5e245b2102a9ec4a6e,5a131b48f147586afa20b0a1a00a1533,district
fe443d71f269c3b151ede3a7780c153382d94c1b,1c2180abd771b92cdeb615d058f1486f,locky
4b618ed3284faa064121472a6624c9de9d6e49fa,488118732880a4b8df397e3f8365b258,yakes
0d49e01e5e21746e4728c9e81f8925e0dbd97d4c,cc64156f0cb011c08325daaf8195f67e,locky
abc052825f63a642133fae91e399d540b37b06d7,bd5772ce7cc3d92a217e823458b2e0e9,yakes
358b69d4b7704bd0cdf3ebc12571ec78667dbbc1,45770af8f95d73e749dbc2302aa63a3a,yakes
7b1aae97125fffc7a7fed26557509519820031be,f20e039027105c309e98596c26ad804c,zusy
0748442a0681e3349f33f3d0e6991108cc03a273,8a807d162b65cb4acfdb6cc20c16f43c,gamarue
dcc178e9744e22cfa281e1daa0686002e3607afd,29fe5b3dfa7cc88ba41b1f9543ed4924,teslacrypt
26ec6161a6568e2e5034f75f6258fd1be8daee0e,e6a00abf344cbae793ebedccfd2df9ec,shiz
27d99fbca067f478bb91cdbcb92f13a828b00859,2773e3dc59472296cb0024ba7715a64e,jigsaw
265083557c20524bb6893d11fd59c89ccd8c74ab,6447cadacad30fc7d81e0e3bacb27722,locky
e21596b63db320073293a73e88577725197d598c,0b743fe8a1cae90a191af912461df613,crowti
d72d87e0a280b45574f3a17958f8a4cb84da9c6d,fa897a2c9007b73a090615cc61e51391,cryptowall
3533bb04a5fd217a07b38d66c30ea73e835bc461,1c0f93f4d89761f750f77a0c820d9638,upatre
d9e0d962ebd8ff19c57b46821c4948a3ab3148d3,15c8f7e9881a57ae74e635c38b9e9ab0,teslacrypt
41000b7ce70ad37ecb1bc629ae0108db8b0ba4c2,f4ee6939e790d97007a9b74b3025e3c5,locky
4f9ab2e4d2ca34ed02d9dad90c8237edc1139a70,ae68f740bf873bc63df54b025020a946,upatre
997c4ecb4fced40459c10dc53c519c8d16f1b9fd,628bed10706c7f1065266d9d8d7339c4,fsysna
1e85fb1e3d10846985cf0c295f80630909698bab,3548959f1100a0d818f91b6502a7fdd3,cryptowall
41e79a5dd439afb3a2835792efc27bed12130e8d,789cae36e8af94b6104794b6a8340d52,yakes
96eef7001f9b555ac686a640e43a38cfbd963c4a,922b22f3be97b5974e317c5b55b07d15,torjok
df80ea2defedcfb07cc1dc9645f939a4657fe0c3,9d308d730deb55cccedac21ac2690bee,bitman
ac144ebe3a88ff9d077a655701e2eaac6120f484,4cada2a07b68bb905301bc2df7042bd2,yakes
7e2d38bf9f13e614381a72adbadc00349e882003,23c0bf366bea99a5324c9627e7cf6bf5,bitman
520d1036fef772e9e8544386ef5dfa70b5892f80,2814c9ff2590b7e09452f0c757059877,teslacrypt
c29084b25d624125d8e3285b98ca05f6dc85a3a9,a4f190877fc75b2731f8d3eeb3cf77e6,yakes
fb41d0009947ef602146f7ab79c7e7ae3757d70c,55b319ee0fdcd4d63dfcae4c9ba403ad,upatre
21c0e9e135c54d6ae7205748127f008e4b5a3d74,b1d1171ba2a68bf20da4853f766b9053,yakes
eb07b868f6445d8b203be658133bc2a10eae7cec,12eaf4a1eb53339e4704885939b224bd,xorist
c2a388d7428dd5a7f4f38ad19ff7249413e60d65,3e8db72699479a7ddf1afe2f863f18b2,locky
4c1759263c4caf42dea3b3f389066643d4b0d00b,cb323bb2db97107358994bfee1d027fa,locky
f3080c4a450af26310d03ac05758de3248be3a8f,69f6ffb64655409f62b091c3bde42926,yakes
2173f86d3c8cb18b959d86284a46cdae3ca42fd8,940ca90451a5db82366dd39453893ba4,locky
2f23a990f3ef8965d84bd65c7aab7ad66b690d1a,63895f5d951826bacb1072d389e53633,teslacrypt
c253ed95662bbfc6b8d81aa4e7d363486f2b15ff,56c2fe7e2180f70c30d9019762cd7339,locky
b93706c6bcb8c346a20e5ceb68ef05ec2c7a24f5,da6e4b0cbd739fe5b12388a0dfb826a4,yakes
b548eefaf6dda046f9faaa17ac8db35b01c6f7e0,785f201736bf8b741a6b829ed046617e,locky
14915684bd926b194b65712dd078c6ce80c6fd7f,8245e30daea38cf3475c64d7982e0d40,yakes
5485a2172b2b0906d47383b644a906af65f60c37,1f19f6ea740bdf2325d55cc156e7a4f6,upatre
427934d7fa2467bab1abfa5959c8cf6d0ae00ea7,41b5ba4bf74e65845fa8c9861ca34508,wannacry
5814a659d81f6e8005c4435de154f5c34193e76c,62f342d7883611455801cb5a4902953a,yakes
cc2fd6964a05bb09d0c8b40b418d108ba3fef29a,c96264302cf12e19ec969f1352000934,locky
867c7ff6f2505811a08b771777424a94bf8f4b7e,27aadfe3585aed32039029b7cf78cea1,gamarue
fd5836c63ab9b090a8f1908201f824fd56b756be,273cf66095e20de8e59358ec3f4e7071,upatre
935634205bc2d98a46c2a6adfc1dd2522698737f,364e96b04bab9529182d0915957b67ec,upatre
d4dd13b67d9b24a8f3be76eb25704d62cca58818,8838b139014f280bf440f298c47a5d1f,teslacrypt
a70ad8f875e8ce7d23d3d4473523ae032a88de71,826101576fc185600637e5d1a03c252f,locky
22fbdde8a24cf7db7a75eb4a297d46be9eb6b925,8884022239bf63d5672fb3804ff0ea62,upatre
e07dbb6d8e5aa6804dd135ca8cd54809401b34c7,24e142ae2fc20049c02c2e1f6e951f7d,crowti
bf1fded74cfb8638017f893b0c7c457c64ce8381,41d6b1f37bc498230f21b19372f062a8,locky
963aa6d67d36c6456ada7d8574ce03300104d882,0403454b28ba170eaa2a9d6cb700a205,yakes
5d133b010ab8b2a8a9a15267c0e4cb2a72e1b593,d63835c6ae15b138c89d693096f08afe,yakes
8231c435df8447e551ee9b6ed6fbb1ca41fab948,35524c9771d90f931878d0ac0702bbe7,yakes
a1bfe0b4462a38c2762b7414b8050a44677abccd,51c0b16fa27eb2714371b77f6ff2cea6,dalexis
d566b1107fa68d45d3029b70f755ac9bf18031d8,49c57291c78d3cd3214202d469f00126,upatre
28c7ae383ee19737a61a507d940ec293d3eeaf5e,123f34126a6d08d3343ebbed7bcc751e,locky
8daa448ddc0b875f134db3bfb769f9ade1297a49,2c09ec6db46a197c97336bc533d1fafe,upatre
0fa5d95c41b98cf9084525ad156c88c04d5e7095,d5f60f9a79a0638261c358ad5260996b,locky
e4a4c1ac400181e3fde7d53b49c2c42d1e165aeb,bc78eafd1170b4541eb99c1ff02446dc,yakes
165a777d5ea81b970e9072708b187e3403b59109,dc4f621a0da87198b0843d12b91fb407,deshacop
f5a1488ad1c8aac399a317cdba7762d3200b5001,78b5643632f0b02c855dc17eca53cd5d,yakes
27d19285adac84b9263f207913891e2456674581,0284f1dee44981cc5bc1912a54a8f3cc,bitman
b573663fb9a76247a3be744bca402a869f76cd53,a18ebeeae3fe95e559a74aaf7aace69d,bitman
6d18f1914a29aa4687311d662edb05ed4969e19f,00e20c201b165fce6c5991ee5ff867db,teslacrypt
441e70900af6ba0058382801a93ee58ebf36c410,78bc38b2a08152c375ad407ca7cce54f,yakes
e345d8d5300f1bc0aee6a31524d3ff4525341e0c,7716bcdc004dd32266bb09c29f7ccc89,locky
d0f026a80dfc2f8bb363fba36fb004efc343861a,bce567cab5de7d6d8b8c7f30efa2f5fc,yakes
34f917aaba5684fbe56d3c57d48ef2a1aa7cf06d,71b6a493388e7d0b40c83ce903bc6b04,petya
08841efd7fe6a9f54676a262461ac1ee5f80d579,54184f81913cab27b8aef5f1b76df321,bitman
0aaa39e05fa699dc877ad85ed86a79d810af7349,e60c8cccd21e3c1ce7910d5b796fcddd,cryptowall
ac30ae2018956e2ffafcdd14644f739ad971dd43,f1b26a7f010b3c7efe200721e64a6ead,teslacrypt
a6806e8731781514f0e5f96831fa71ddba116ad5,f41114b84cdb6252925e4716991b6d84,critroni
d1c62ac62e68875085b62fa651fb17d4d7313887,a92f13f3a1b3b39833d3cc336301b713,petya
ad5af5b8dda0cfa4c3a279167a39558b7a1b2e25,6ee29b09bc22321e0ed830eab60fbfd6,yakes
338839afeb72acefcb52ae063bc7753c65042371,12f9b8d9ecc4332c8554c895b78b2dee,torrentlocker
7ea07e3bc2c02f00833b6b78c189b168d854b86f,458184a93dc2bc3122ce11e94f749a85,teslacrypt
93c10eb78c41b27870fc1c9fadf027c9a61a7a67,8ee2dd966d9bfdd694667d27e271a5f4,yakes
c5aabab2d98db4b2e2c18efb2f65706f7631434c,810cb002b251818b7870d3c03542c536,locky
727fe39ee6151a766666395956dfb48009df667d,16113dbac82ba26471d164b014410696,yakes
6275b1e578ad3de9480702f7d7d56c393115126b,fc5aab2982a1e0a880981f3aeb3b5759,yakes
e9991b97161152a6934621372648d2be36e55a46,ebb30e54c14d30f671ee62133189017d,locky
cd31e812215c7811a155ccf4faba939a685b0d5f,c7bf68ddb8c950bcdc7098f9d6ffe17c,upatre
7d21c1fb16f819c7a15e7a3343efb65f7ad76d85,58b39bb94660958b6180588109c34f51,samas
8238d0a4ee975736cd5d80ed3ca49116072ee7b1,c4c29f267c8922d680f79047ce66eb6e,locky