,cursor,mouse,file,clipboard,delete,process,thread,desktop,window,monitor,service,reg,internet,http,ftp,url,icmp,environment,isdebugger,heap,execute,family_name
0,0,0,0,0,0,0,0,0,0,0,0,0,0,0,0,0,0,0,0,0,0,accdfisa
1,0,0,0,0,0,1,0,0,0,0,0,1,0,0,0,0,0,0,0,0,0,aura
2,0,0,0,0,0,1,0,0,0,0,0,1,0,0,0,0,0,0,0,0,0,aura
3,1,0,11,1,2,4,1,0,6,0,0,0,0,0,0,0,0,4,1,5,1,bitman
4,2,0,39,1,7,10,8,2,35,1,0,11,0,0,0,0,0,9,1,7,0,bitman
5,2,0,39,1,7,10,8,2,35,1,0,11,0,0,0,0,0,9,1,7,0,bitman
6,2,0,20,4,4,11,3,0,7,0,0,5,5,2,0,0,0,5,1,7,3,bitman
7,2,1,0,1,0,0,0,0,6,0,0,0,0,0,0,0,0,0,0,0,0,bitman
8,5,0,24,6,3,1,4,6,43,0,0,11,0,0,0,0,2,0,0,0,0,bitman
9,0,0,1,0,1,2,0,0,0,0,0,1,1,0,0,0,0,0,0,0,1,bitman
10,0,0,29,0,9,9,5,0,17,0,0,21,0,0,0,0,0,6,1,6,3,bitman
11,1,1,16,1,3,4,2,1,22,0,0,3,4,0,0,1,0,4,1,5,0,bitman
12,6,0,6,6,2,3,6,1,29,0,22,31,0,0,0,0,0,0,0,1,0,bitman
13,7,2,54,5,7,9,14,2,42,0,0,28,0,0,0,0,0,7,1,7,2,bitman
14,0,0,20,0,1,0,0,0,5,0,0,3,0,0,0,0,0,0,0,0,0,bitman
15,0,0,3,0,2,2,0,0,2,0,0,0,0,0,0,0,0,0,0,0,0,bitman
16,0,0,2,0,1,2,1,0,0,0,0,0,0,0,0,0,0,0,0,0,0,bitman
17,0,0,19,0,11,2,1,0,1,0,0,43,0,0,0,0,0,0,0,0,0,bitman
18,1,0,12,3,4,0,0,1,6,0,0,5,0,0,0,0,0,0,0,1,0,bitman
19,3,0,37,0,5,12,11,2,12,0,0,15,0,0,0,0,0,5,1,6,1,bitman
20,2,1,0,1,0,0,0,0,6,0,0,0,0,0,0,0,0,0,0,0,0,bitman
21,5,1,35,10,10,7,4,2,56,1,1,25,0,0,0,0,0,6,1,5,3,bitman
22,2,1,0,1,0,0,0,0,6,0,0,0,0,0,0,0,0,0,0,0,0,bitman
23,0,0,29,0,9,9,5,0,17,0,0,21,0,0,0,0,0,6,1,6,3,bitman
24,2,1,0,1,0,0,0,0,6,0,0,0,0,0,0,0,0,0,0,0,0,bitman
25,2,0,20,4,4,11,3,0,7,0,0,5,5,2,0,0,0,5,1,7,3,bitman
26,10,1,2,10,0,3,5,1,44,0,0,6,0,0,0,0,0,0,0,1,0,bitman
27,2,1,0,1,0,0,0,0,6,0,0,0,0,0,0,0,0,0,0,0,0,bitman
28,3,0,37,0,5,12,11,2,12,0,0,15,0,0,0,0,0,5,1,6,1,bitman
29,2,0,24,3,4,7,6,2,25,0,0,20,0,0,0,0,0,5,0,6,0,bitman
30,2,0,41,0,3,11,7,1,10,1,0,10,0,0,0,0,2,4,0,6,3,cerber
31,1,0,23,0,4,5,4,0,1,0,0,2,0,0,0,0,0,2,1,7,0,cerber
32,0,0,0,0,0,0,0,0,0,0,0,0,0,0,0,0,0,0,0,0,0,critroni
33,0,0,0,0,0,0,0,0,0,0,0,0,0,0,0,0,0,0,0,0,0,critroni
34,0,0,0,0,0,0,0,0,0,0,0,0,0,0,0,0,0,0,0,0,0,critroni
35,0,0,0,0,0,0,0,0,0,0,0,0,0,0,0,0,0,0,0,0,0,critroni
36,0,0,0,0,0,0,0,0,0,0,0,0,0,0,0,0,0,0,0,0,0,critroni
37,0,0,0,0,0,0,0,0,0,0,0,0,0,0,0,0,0,0,0,0,0,critroni
38,0,0,0,0,0,0,0,0,0,0,0,0,0,0,0,0,0,0,0,0,0,critroni
39,0,0,0,0,0,0,0,0,0,0,0,0,0,0,0,0,0,0,0,0,0,critroni
40,3,0,13,1,3,0,0,1,13,0,9,18,23,7,5,20,0,1,0,0,0,crowti
41,2,0,14,1,3,0,0,0,5,0,0,4,0,0,0,0,0,0,0,0,0,crowti
42,3,0,42,0,7,0,1,0,12,0,3,12,32,7,11,23,1,0,0,0,0,crowti
43,3,0,13,1,3,0,0,1,13,0,9,18,23,7,5,20,0,1,0,0,0,crowti
44,2,0,14,1,3,0,0,0,5,0,0,4,0,0,0,0,0,0,0,0,0,crowti
45,2,0,21,0,6,0,0,0,10,0,0,7,0,0,0,0,1,0,0,0,0,crowti
46,3,0,13,1,3,0,0,1,13,0,9,18,23,7,5,20,0,1,0,0,0,crowti
47,1,0,5,0,2,1,2,1,6,0,0,7,0,0,0,0,0,0,0,0,0,crowti
48,0,0,12,1,5,0,0,0,14,0,0,4,10,3,4,7,0,0,0,0,0,crowti
49,1,0,17,0,2,0,0,0,1,0,0,0,26,9,11,20,0,0,0,0,1,crowti
50,1,0,17,0,2,0,0,0,1,0,0,0,26,9,11,20,0,0,0,0,1,crowti
51,4,0,9,2,5,7,2,2,24,0,0,15,0,0,0,0,1,0,0,0,1,crowti
52,0,0,5,0,1,5,1,0,0,0,0,0,0,0,0,0,0,2,1,6,0,crowti
53,3,0,1,0,1,0,0,0,8,0,0,5,0,0,0,0,0,0,0,0,0,crowti
54,1,0,2,1,3,0,2,1,4,0,5,21,0,0,0,0,0,0,0,0,0,crowti
55,3,0,1,0,1,0,0,0,8,0,0,5,0,0,0,0,0,0,0,0,0,crowti
56,3,0,1,0,1,0,0,0,8,0,0,5,0,0,0,0,0,0,0,0,0,crowti
57,3,0,42,0,7,0,1,0,12,0,3,12,32,7,11,23,1,0,0,0,0,crowti
58,3,0,17,0,3,4,12,1,4,0,0,2,0,0,0,0,0,0,0,0,0,crowti
59,1,0,17,0,2,0,0,0,1,0,0,0,26,9,11,20,0,0,0,0,1,crowti
60,0,0,7,1,2,0,0,0,3,0,1,10,7,0,5,4,0,0,0,0,0,crowti
61,3,0,42,0,7,0,1,0,12,0,3,12,32,7,11,23,1,0,0,0,0,crowti
62,0,0,7,1,2,0,0,0,3,0,1,10,7,0,5,4,0,0,0,0,0,crowti
63,3,0,1,0,1,0,0,0,8,0,0,5,0,0,0,0,0,0,0,0,0,crowti
64,1,0,17,3,5,1,2,1,8,0,0,6,0,0,0,0,0,0,0,1,0,crowti
65,0,1,4,0,0,1,0,0,0,0,0,1,0,0,0,0,0,0,0,0,0,crowti
66,2,0,14,1,3,0,0,0,5,0,0,4,0,0,0,0,0,0,0,0,0,crowti
67,2,0,14,1,3,0,0,0,5,0,0,4,0,0,0,0,0,0,0,0,0,crowti
68,3,0,1,0,1,0,0,0,8,0,0,5,0,0,0,0,0,0,0,0,0,crowti
69,6,1,30,10,7,5,18,4,51,4,0,16,0,0,0,0,0,1,0,0,2,crowti
70,1,0,3,0,2,0,0,0,4,0,0,6,0,0,0,0,0,0,0,0,0,crowti
71,3,0,1,0,1,0,0,0,8,0,0,5,0,0,0,0,0,0,0,0,0,crowti
72,1,0,2,1,3,0,2,1,4,0,5,21,0,0,0,0,0,0,0,0,0,crowti
73,1,0,2,1,3,0,2,1,4,0,5,21,0,0,0,0,0,0,0,0,0,crowti
74,3,0,13,1,3,0,0,1,13,0,9,18,23,7,5,20,0,1,0,0,0,crowti
75,0,0,0,0,1,0,0,0,1,0,0,3,0,0,0,0,0,0,0,0,0,crowti
76,3,0,1,0,1,0,0,0,8,0,0,5,0,0,0,0,0,0,0,0,0,crowti
77,3,0,36,0,6,1,2,1,19,0,6,21,43,10,17,33,1,0,0,0,0,crowti
78,2,0,9,0,9,2,3,0,11,0,0,47,0,0,0,0,0,0,0,0,0,crowti
79,0,0,32,1,5,6,6,0,1,0,0,8,4,0,0,1,0,0,0,0,2,cryakl
80,0,0,32,1,5,6,6,0,1,0,0,8,4,0,0,1,0,0,0,0,2,cryakl
81,0,0,32,1,5,6,6,0,1,0,0,8,4,0,0,1,0,0,0,0,2,cryakl
82,0,0,1,0,0,0,0,0,0,0,0,3,0,0,0,1,0,0,0,1,0,cryptowall
83,0,0,7,1,3,1,0,0,3,0,0,1,0,0,0,0,0,1,0,3,0,cryptowall
84,3,0,1,0,1,0,0,0,8,0,0,5,0,0,0,0,0,0,0,0,0,cryptowall
85,3,0,47,2,9,1,4,3,22,0,7,26,47,11,18,36,1,0,0,0,0,cryptowall
86,3,0,47,2,9,1,4,3,22,0,7,26,47,11,18,36,1,0,0,0,0,cryptowall
87,0,0,7,1,3,1,0,0,3,0,0,1,0,0,0,0,0,1,0,3,0,cryptowall
88,0,0,7,1,3,1,0,0,3,0,0,1,0,0,0,0,0,1,0,3,0,cryptowall
89,4,0,7,6,3,14,2,0,18,0,0,8,0,0,0,0,0,4,1,6,0,cryptowall
90,0,0,7,1,3,1,0,0,3,0,0,1,0,0,0,0,0,1,0,3,0,cryptowall
91,3,0,47,2,9,1,4,3,22,0,7,26,47,11,18,36,1,0,0,0,0,cryptowall
92,3,0,47,2,9,1,4,3,22,0,7,26,47,11,18,36,1,0,0,0,0,cryptowall
93,0,0,1,0,0,0,0,0,0,0,0,3,0,0,0,1,0,0,0,1,0,cryptowall
94,3,0,47,2,9,1,4,3,22,0,7,26,47,11,18,36,1,0,0,0,0,cryptowall
95,0,0,7,0,1,0,2,0,3,0,0,4,0,0,0,0,0,0,0,0,1,cryptowall
96,3,0,47,2,9,1,4,3,22,0,7,26,47,11,18,36,1,0,0,0,0,cryptowall
97,3,0,47,2,9,1,4,3,22,0,7,26,47,11,18,36,1,0,0,0,0,cryptowall
98,1,0,17,3,3,7,1,0,4,0,0,12,0,0,0,0,0,3,1,5,0,cryptowall
99,1,0,16,0,3,1,0,0,5,0,0,10,0,0,0,0,0,0,0,0,0,cryptowall
100,1,0,16,5,5,5,4,1,11,0,1,13,0,0,0,0,4,4,0,0,1,cryptowall
101,0,0,7,1,3,1,0,0,3,0,0,1,0,0,0,0,0,1,0,3,0,cryptowall
102,3,0,47,2,9,1,4,3,22,0,7,26,47,11,18,36,1,0,0,0,0,cryptowall
103,3,0,47,2,9,1,4,3,22,0,7,26,47,11,18,36,1,0,0,0,0,cryptowall
104,3,0,47,2,9,1,4,3,22,0,7,26,47,11,18,36,1,0,0,0,0,cryptowall
105,3,0,13,1,3,0,0,1,13,0,9,18,23,7,5,20,0,1,0,0,0,cryptowall
106,0,0,3,1,0,0,0,0,2,0,0,0,0,0,0,0,0,0,0,0,0,cryptowall
107,0,0,0,0,0,0,0,0,0,0,0,0,0,0,0,0,0,0,0,0,0,crysis
108,2,0,1,0,1,2,0,0,1,0,2,9,0,0,0,0,0,0,0,1,0,dalexis
109,0,0,4,0,3,2,0,0,0,0,2,10,0,0,0,0,0,1,0,1,0,dalexis
110,0,0,4,0,1,0,0,0,0,0,0,2,0,0,0,0,0,2,0,0,0,dalexis
111,0,0,0,0,0,0,0,0,0,0,0,0,0,0,0,0,0,0,0,0,0,dalexis
112,0,0,0,0,0,0,0,0,0,0,0,0,0,0,0,0,0,0,0,0,0,dalexis
113,0,0,1,0,0,3,1,0,4,0,0,2,0,0,0,0,0,2,0,1,0,dalexis
114,6,1,29,10,7,5,18,4,51,4,0,16,0,0,0,0,0,1,0,0,2,deshacop
115,4,0,23,4,4,6,3,0,20,0,0,1,0,0,0,0,0,3,1,7,1,deshacop
116,0,0,0,0,0,1,0,0,0,0,0,0,0,0,0,0,0,0,0,0,1,district
117,0,0,0,0,0,0,0,0,0,0,0,0,0,0,0,0,0,0,0,0,0,donoff
118,0,0,0,0,0,0,0,0,0,0,0,0,0,0,0,0,0,0,0,0,1,equationdrug
119,0,0,2,0,0,0,0,0,0,0,0,0,0,0,0,0,0,0,0,0,0,fsysna
120,0,0,0,0,0,0,0,0,0,0,0,0,0,0,0,0,0,0,0,0,0,fsysna
121,0,0,2,0,0,0,0,0,0,0,0,0,0,0,0,0,0,0,0,0,0,fsysna
122,0,0,3,0,1,0,0,0,3,0,0,0,0,0,0,0,0,2,0,0,0,fsysna
123,4,0,26,5,6,9,9,1,33,0,10,22,0,0,0,1,0,0,1,5,0,gamarue
124,2,0,41,5,4,10,5,1,10,0,0,23,0,0,0,0,1,3,0,5,5,gamarue
125,2,0,22,4,4,4,1,0,18,0,0,11,0,0,0,0,0,2,0,0,1,gamarue
126,0,0,2,0,0,0,0,0,0,0,0,0,0,0,0,0,0,0,0,0,0,gamarue
127,2,0,41,5,4,10,5,1,10,0,0,23,0,0,0,0,1,3,0,5,5,gamarue
128,6,0,38,8,6,10,16,1,36,0,0,19,0,0,0,0,1,1,0,1,3,gamarue
129,3,0,11,5,2,0,2,1,20,0,0,8,0,0,0,0,1,0,0,0,3,gamarue
130,2,0,21,0,7,5,4,0,5,0,0,2,0,0,0,0,0,5,1,8,0,gamarue
131,4,0,36,3,8,9,7,1,47,0,0,24,0,0,0,0,0,7,1,7,2,gamarue
132,0,0,19,0,3,7,4,1,3,1,0,12,0,0,0,0,0,3,1,7,0,gandcrypt
133,0,0,5,2,1,1,0,0,7,0,0,1,0,0,0,0,0,1,0,2,0,high
134,0,0,0,0,0,0,0,0,0,0,0,0,0,0,0,0,0,0,0,0,0,jigsaw
135,0,0,0,0,0,0,0,0,0,0,0,0,0,0,0,0,0,0,0,0,0,karo
136,0,0,0,0,0,0,0,0,0,0,0,0,0,0,0,0,0,0,0,0,0,karo
137,0,0,0,0,0,0,0,0,0,0,0,0,0,0,0,0,0,0,0,0,0,kelios
138,0,0,0,0,0,0,0,0,0,0,0,0,0,0,0,0,0,0,0,0,0,kraken
139,0,0,51,0,4,9,8,1,4,0,12,12,0,0,0,0,0,7,1,8,0,locky
140,4,1,49,0,4,9,8,1,22,3,12,13,0,0,0,0,0,4,1,7,0,locky
141,4,1,49,0,4,9,8,1,22,3,12,13,0,0,0,0,0,4,1,7,0,locky
142,4,1,49,0,4,9,8,1,22,3,12,13,0,0,0,0,0,4,1,7,0,locky
143,0,0,50,0,4,8,7,1,4,0,12,12,0,0,0,0,0,7,1,8,0,locky
144,0,0,50,0,4,8,7,0,4,0,12,13,0,0,0,0,0,7,1,8,0,locky
145,4,1,46,0,4,9,8,1,22,3,12,13,0,0,0,0,0,4,1,7,0,locky
146,4,1,50,0,4,9,8,1,23,3,12,14,0,0,0,0,0,6,1,8,0,locky
147,0,0,50,0,4,8,7,1,5,0,12,13,0,0,0,0,0,7,1,8,0,locky
148,4,1,46,0,4,9,8,1,22,3,12,13,0,0,0,0,0,4,1,7,0,locky
149,4,1,49,0,4,9,8,1,22,3,12,13,0,0,0,0,0,4,1,7,0,locky
150,4,1,45,0,4,9,8,1,25,3,12,14,0,0,0,0,0,4,1,7,0,locky
151,4,1,45,0,4,9,8,1,25,3,12,14,0,0,0,0,0,4,1,7,0,locky
152,0,0,8,0,1,5,2,0,0,0,0,0,0,0,0,0,0,2,1,7,0,locky
153,4,1,50,0,4,9,8,1,23,3,12,14,0,0,0,0,0,6,1,8,0,locky
154,4,1,49,0,4,9,8,1,22,3,12,13,0,0,0,0,0,4,1,7,0,locky
155,4,1,49,0,4,9,8,1,22,3,12,13,0,0,0,0,0,4,1,7,0,locky
156,4,1,49,0,4,9,8,1,22,3,12,13,0,0,0,0,0,4,1,7,0,locky
157,4,1,37,0,8,16,6,1,23,3,7,13,0,9,0,0,0,7,1,7,0,locky
158,4,1,37,0,8,16,6,1,23,3,7,13,0,9,0,0,0,7,1,7,0,locky
159,0,0,50,0,4,8,7,1,4,0,12,12,0,0,0,0,0,7,1,8,0,locky
160,0,0,50,0,4,9,8,1,5,0,12,13,0,0,0,0,0,7,1,8,0,locky
161,4,1,49,0,4,9,8,1,22,3,12,13,0,0,0,0,0,4,1,7,0,locky
162,4,1,46,0,4,9,8,1,22,3,12,13,0,0,0,0,0,4,1,7,0,locky
163,4,1,49,0,4,9,8,1,22,3,12,13,0,0,0,0,0,4,1,7,0,locky
164,4,1,50,0,4,9,8,1,23,3,12,14,0,0,0,0,0,6,1,8,0,locky
165,4,1,50,0,4,9,8,1,23,3,12,14,0,0,0,0,0,6,1,8,0,locky
166,4,1,49,0,4,9,8,1,22,3,12,13,0,0,0,0,0,4,1,7,0,locky
167,0,0,3,0,0,1,0,0,1,0,0,0,0,0,0,0,1,0,0,0,0,locky
168,4,1,49,0,4,9,8,1,22,3,12,13,0,0,0,0,0,4,1,7,0,locky
169,4,1,50,0,4,9,8,1,23,3,12,14,0,0,0,0,0,6,1,8,0,locky
170,0,0,51,0,4,9,8,1,5,0,12,13,0,0,0,0,0,7,1,8,0,locky
171,4,1,45,0,4,9,8,1,25,3,12,14,0,0,0,0,0,4,1,7,0,locky
172,0,0,22,0,5,7,4,0,1,0,0,7,8,6,0,1,0,2,1,6,1,locky
173,4,1,37,0,8,16,6,1,24,3,7,14,0,9,0,0,0,7,1,7,0,locky
174,0,0,51,0,4,9,8,1,5,0,12,13,0,0,0,0,0,7,1,8,0,locky
175,0,0,51,0,4,9,8,1,5,0,12,13,0,0,0,0,0,7,1,8,0,locky
176,0,0,50,0,4,9,8,1,5,0,12,13,0,0,0,0,0,7,1,8,0,locky
177,4,1,37,0,8,16,6,0,23,3,7,14,0,9,0,0,0,7,1,7,0,locky
178,4,1,36,0,8,16,6,0,23,3,7,14,0,9,0,0,0,7,1,7,0,locky
179,4,1,49,0,4,9,8,1,22,3,12,13,0,0,0,0,0,4,1,7,0,locky
180,4,1,49,0,4,9,8,1,22,3,12,13,0,0,0,0,0,4,1,7,0,locky
181,4,1,49,0,4,9,8,1,22,3,12,13,0,0,0,0,0,4,1,7,0,locky
182,0,0,11,0,1,7,1,0,1,0,0,0,0,0,0,0,0,2,1,5,0,locky
183,0,0,50,0,4,8,7,0,4,0,12,13,0,0,0,0,0,7,1,8,0,locky
184,4,1,49,0,4,9,8,1,22,3,12,13,0,0,0,0,0,4,1,7,0,locky
185,4,1,37,0,8,16,6,1,22,3,7,12,0,9,0,0,0,7,1,7,0,locky
186,0,0,0,0,0,1,0,0,1,0,1,0,0,0,0,0,0,0,0,0,0,locky
187,4,1,50,0,4,9,8,1,23,3,12,14,0,0,0,0,0,6,1,8,0,locky
188,4,1,50,0,4,9,8,1,23,3,12,14,0,0,0,0,0,6,1,8,0,locky
189,0,0,51,0,4,9,8,1,4,0,12,12,0,0,0,0,0,7,1,8,0,locky
190,0,0,0,0,0,1,1,0,0,0,0,0,0,0,0,0,0,0,0,0,0,locky
191,0,0,50,0,4,8,7,1,4,0,12,12,0,0,0,0,0,7,1,8,0,locky
192,0,0,8,0,1,5,2,0,0,0,0,0,0,0,0,0,0,2,1,7,0,locky
193,4,1,50,0,4,9,8,1,23,3,12,14,0,0,0,0,0,6,1,8,0,locky
194,0,0,51,0,4,9,8,1,5,0,12,13,0,0,0,0,0,7,1,8,0,locky
195,4,1,50,0,4,9,8,1,23,3,12,14,0,0,0,0,0,6,1,8,0,locky
196,4,1,45,0,4,9,8,1,25,3,12,14,0,0,0,0,0,4,1,7,0,locky
197,1,0,14,2,4,0,1,0,7,0,0,2,20,6,10,14,0,0,0,0,0,locky
198,0,0,3,0,0,0,0,0,1,0,0,0,0,0,0,0,1,0,0,0,0,locky
199,0,0,51,0,4,9,8,1,4,0,12,12,0,0,0,0,0,7,1,8,0,locky
200,4,1,37,0,8,16,6,1,23,3,7,13,0,9,0,0,0,7,1,7,0,locky
201,4,1,49,0,4,9,8,1,22,3,12,13,0,0,0,0,0,4,1,7,0,locky
202,0,0,0,0,0,1,0,0,1,0,1,0,0,0,0,0,0,0,0,0,0,locky
203,0,0,22,0,5,7,4,0,1,0,0,7,8,6,0,1,0,2,1,6,1,locky
204,4,1,46,0,4,9,8,1,22,3,12,13,0,0,0,0,0,4,1,7,0,locky
205,4,1,46,0,4,9,8,1,22,3,12,13,0,0,0,0,0,4,1,7,0,locky
206,4,1,49,0,4,9,8,1,22,3,12,13,0,0,0,0,0,4,1,7,0,locky
207,0,0,50,0,4,8,7,1,5,0,12,13,0,0,0,0,0,7,1,8,0,locky
208,0,0,22,0,5,7,4,0,1,0,0,7,8,6,0,1,0,2,1,6,1,locky
209,0,0,51,0,4,9,8,0,4,0,12,13,0,0,0,0,0,7,1,8,0,locky
210,0,0,51,0,4,9,8,1,4,0,12,12,0,0,0,0,0,7,1,8,0,locky
211,4,1,49,0,4,9,8,1,22,3,12,13,0,0,0,0,0,4,1,7,0,locky
212,0,0,9,0,1,6,1,0,0,0,0,0,0,0,0,0,0,3,1,6,0,locky
213,0,0,8,0,1,5,2,0,0,0,0,0,0,0,0,0,0,2,1,7,0,locky
214,4,1,50,0,4,9,8,1,23,3,12,14,0,0,0,0,0,6,1,8,0,locky
215,0,0,51,0,4,9,8,1,5,0,12,13,0,0,0,0,0,7,1,8,0,locky
216,0,0,11,0,1,6,1,0,0,0,0,0,0,0,0,0,0,2,1,7,0,locky
217,0,0,51,0,4,9,8,1,4,0,12,12,0,0,0,0,0,7,1,8,0,locky
218,4,1,49,0,4,9,8,1,22,3,12,13,0,0,0,0,0,4,1,7,0,locky
219,0,0,0,0,0,1,0,0,1,0,1,0,0,0,0,0,0,0,0,0,0,locky
220,4,1,50,0,4,9,8,1,23,3,12,14,0,0,0,0,0,6,1,8,0,locky
221,4,1,49,0,4,9,8,1,22,3,12,13,0,0,0,0,0,4,1,7,0,locky
222,0,0,51,0,4,9,8,1,5,0,12,13,0,0,0,0,0,7,1,8,0,locky
223,1,0,5,0,1,5,1,0,0,0,0,0,0,0,0,0,0,2,1,6,0,locky
224,4,1,50,0,4,9,8,1,23,3,12,14,0,0,0,0,0,6,1,8,0,locky
225,0,0,50,0,4,8,7,1,5,0,12,13,0,0,0,0,0,7,1,8,0,locky
226,4,1,46,0,4,9,8,1,22,3,12,13,0,0,0,0,0,4,1,7,0,locky
227,0,0,51,0,4,9,8,1,5,0,12,13,0,0,0,0,0,7,1,8,0,locky
228,0,0,50,0,4,8,7,1,5,0,12,13,0,0,0,0,0,7,1,8,0,locky
229,4,1,45,0,4,9,8,1,25,3,12,14,0,0,0,0,0,4,1,7,0,locky
230,4,1,49,0,4,9,8,1,22,3,12,13,0,0,0,0,0,4,1,7,0,locky
231,4,1,49,0,4,9,8,1,22,3,12,13,0,0,0,0,0,4,1,7,0,locky
232,0,0,0,0,0,1,0,0,1,0,1,0,0,0,0,0,0,0,0,0,0,locky
233,4,1,50,0,4,9,8,1,23,3,12,14,0,0,0,0,0,6,1,8,0,locky
234,4,1,49,0,4,9,8,1,22,3,12,13,0,0,0,0,0,4,1,7,0,locky
235,4,1,49,0,4,9,8,1,22,3,12,13,0,0,0,0,0,4,1,7,0,locky
236,3,1,4,4,1,3,4,1,11,0,0,16,0,0,0,0,0,0,0,0,0,locky
237,4,1,49,0,4,9,8,1,22,3,12,13,0,0,0,0,0,4,1,7,0,locky
238,0,0,50,0,4,8,7,1,4,0,12,12,0,0,0,0,0,7,1,8,0,locky
239,0,0,8,0,1,5,2,0,0,0,0,0,0,0,0,0,0,2,1,7,0,locky
240,4,1,46,0,4,9,8,1,22,3,12,13,0,0,0,0,0,4,1,7,0,locky
241,0,0,51,0,4,9,8,1,4,0,12,12,0,0,0,0,0,7,1,8,0,locky
242,4,1,50,0,4,9,8,1,23,3,12,14,0,0,0,0,0,6,1,8,0,locky
243,4,1,46,0,4,9,8,1,22,3,12,13,0,0,0,0,0,4,1,7,0,locky
244,4,1,50,0,4,9,8,1,23,3,12,14,0,0,0,0,0,6,1,8,0,locky
245,4,1,46,0,4,9,8,1,22,3,12,13,0,0,0,0,0,4,1,7,0,locky
246,0,0,0,0,0,2,0,0,1,0,0,0,0,0,0,0,0,0,0,0,0,locky
247,4,1,49,0,4,9,8,1,22,3,12,13,0,0,0,0,0,4,1,7,0,locky
248,4,1,50,0,4,9,8,1,23,3,12,14,0,0,0,0,0,6,1,8,0,locky
249,4,1,50,0,4,9,8,1,23,3,12,14,0,0,0,0,0,6,1,8,0,locky
250,4,1,49,0,4,9,8,1,22,3,12,13,0,0,0,0,0,4,1,7,0,locky
251,0,0,8,0,1,5,2,0,0,0,0,0,0,0,0,0,0,2,1,7,0,locky
252,0,0,50,0,4,8,7,1,5,0,12,13,0,0,0,0,0,7,1,8,0,locky
253,4,1,46,0,4,9,8,1,22,3,12,13,0,0,0,0,0,4,1,7,0,locky
254,0,0,0,0,0,2,0,0,1,0,0,0,0,0,0,0,0,0,0,0,0,locky
255,4,1,50,0,4,9,8,1,23,3,12,14,0,0,0,0,0,6,1,8,0,locky
256,4,1,46,0,4,9,8,1,22,3,12,13,0,0,0,0,0,4,1,7,0,locky
257,4,1,49,0,4,9,8,1,22,3,12,13,0,0,0,0,0,4,1,7,0,locky
258,4,1,50,0,4,9,8,1,23,3,12,14,0,0,0,0,0,6,1,8,0,locky
259,4,1,45,0,4,9,8,1,25,3,12,14,0,0,0,0,0,4,1,7,0,locky
260,4,1,49,0,4,9,8,1,22,3,12,13,0,0,0,0,0,4,1,7,0,locky
261,0,0,0,0,1,1,1,0,0,0,0,0,0,0,0,0,0,0,0,5,0,locky
262,0,0,6,0,1,5,1,0,0,0,0,0,0,0,0,0,0,2,1,6,0,locky
263,4,1,50,0,4,9,8,1,23,3,12,14,0,0,0,0,0,6,1,8,0,locky
264,0,0,50,0,4,8,7,1,5,0,12,13,0,0,0,0,0,7,1,8,0,locky
265,4,1,45,0,4,9,8,1,25,3,12,14,0,0,0,0,0,4,1,7,0,locky
266,0,0,0,0,0,2,0,0,1,0,2,0,0,0,0,0,0,0,0,0,0,locky
267,0,0,49,0,4,8,7,1,5,0,12,13,0,0,0,0,0,7,1,8,0,locky
268,4,1,46,0,4,9,8,1,22,3,12,13,0,0,0,0,0,4,1,7,0,locky
269,4,1,50,0,4,9,8,1,23,3,12,14,0,0,0,0,0,6,1,8,0,locky
270,4,1,49,0,4,9,8,1,22,3,12,13,0,0,0,0,0,4,1,7,0,locky
271,4,1,50,0,4,9,8,1,23,3,12,14,0,0,0,0,0,6,1,8,0,locky
272,4,1,50,0,4,9,8,1,23,3,12,14,0,0,0,0,0,6,1,8,0,locky
273,0,0,51,0,4,9,8,1,5,0,12,13,0,0,0,0,0,7,1,8,0,locky
274,4,1,49,0,4,9,8,1,22,3,12,13,0,0,0,0,0,4,1,7,0,locky
275,0,0,50,0,4,8,7,1,5,0,12,13,0,0,0,0,0,7,1,8,0,locky
276,4,1,49,0,4,9,8,1,22,3,12,13,0,0,0,0,0,4,1,7,0,locky
277,0,0,51,0,4,9,8,1,5,0,12,13,0,0,0,0,0,7,1,8,0,locky
278,0,0,50,0,4,8,7,1,5,0,12,13,0,0,0,0,0,7,1,8,0,locky
279,4,1,50,0,4,9,8,1,23,3,12,14,0,0,0,0,0,6,1,8,0,locky
280,0,0,50,0,4,8,7,1,5,0,12,13,0,0,0,0,0,7,1,8,0,locky
281,4,1,46,0,4,9,8,1,22,3,12,13,0,0,0,0,0,4,1,7,0,locky
282,0,0,50,0,4,8,7,1,5,0,12,13,0,0,0,0,0,7,1,8,0,locky
283,4,1,46,0,4,9,8,1,22,3,12,13,0,0,0,0,0,4,1,7,0,locky
284,0,0,50,0,4,9,8,1,5,0,12,13,0,0,0,0,0,7,1,8,0,locky
285,4,1,50,0,4,9,8,1,23,3,12,14,0,0,0,0,0,6,1,8,0,locky
286,4,1,45,0,4,9,8,1,25,3,12,14,0,0,0,0,0,4,1,7,0,locky
287,4,1,46,0,4,9,8,1,22,3,12,13,0,0,0,0,0,4,1,7,0,locky
288,4,1,46,0,4,9,8,1,22,3,12,13,0,0,0,0,0,4,1,7,0,locky
289,0,0,51,0,4,9,8,1,4,0,12,12,0,0,0,0,0,7,1,8,0,locky
290,4,1,46,0,4,9,8,1,22,3,12,13,0,0,0,0,0,4,1,7,0,locky
291,0,0,0,0,0,0,0,0,0,0,0,0,0,0,0,0,0,0,0,0,0,locky
292,4,1,49,0,4,9,8,1,22,3,12,13,0,0,0,0,0,4,1,7,0,locky
293,4,1,49,0,4,9,8,1,22,3,12,13,0,0,0,0,0,4,1,7,0,locky
294,4,1,50,0,4,9,8,1,23,3,12,14,0,0,0,0,0,6,1,8,0,locky
295,0,0,2,0,0,2,0,0,1,0,2,0,0,0,0,0,1,0,0,0,0,locky
296,0,0,51,0,4,9,8,1,4,0,12,12,0,0,0,0,0,7,1,8,0,locky
297,4,1,49,0,4,9,8,1,22,3,12,13,0,0,0,0,0,4,1,7,0,locky
298,3,0,10,0,7,4,5,0,20,0,0,1,0,0,0,0,0,4,1,5,0,locky
299,0,0,15,0,1,10,2,0,3,0,5,1,0,0,0,0,0,3,1,5,2,mamba
300,0,0,13,0,2,5,13,0,0,0,0,3,0,0,0,0,0,1,0,4,0,matrix
301,0,0,14,0,2,5,13,0,0,0,0,3,0,0,0,0,0,1,0,4,0,matrix
302,0,0,13,0,2,5,13,0,0,0,0,3,0,0,0,0,0,1,0,4,0,matrix
303,0,0,13,0,2,5,13,0,0,0,0,3,0,0,0,0,0,1,0,4,0,matrix
304,0,0,13,0,2,5,13,0,0,0,0,3,0,0,0,0,0,1,0,4,0,matrix
305,0,0,14,0,2,6,14,0,0,0,0,3,0,0,0,0,0,1,0,4,0,matrix
306,0,0,14,0,2,5,13,0,0,0,0,3,0,0,0,0,0,1,0,4,0,matrix
307,0,0,11,0,2,7,1,0,0,0,0,2,0,0,0,0,0,3,1,6,0,matsnu
308,2,0,22,4,4,4,1,0,18,0,0,11,0,0,0,0,0,2,0,0,1,neurevt
309,0,0,0,0,0,0,0,0,0,0,0,0,0,0,0,0,0,0,0,0,0,neurevt
310,0,0,0,0,0,2,0,0,0,0,0,0,0,0,0,0,0,0,0,2,0,palevo
311,2,0,17,0,2,4,3,0,3,0,0,0,0,0,0,0,0,2,1,4,0,parite
312,0,0,20,0,1,10,7,0,2,0,0,0,0,0,0,0,0,1,0,4,0,petya
313,2,0,26,0,4,11,7,1,20,0,0,15,9,3,0,1,0,3,1,7,1,petya
314,0,0,19,4,4,19,9,4,7,0,0,14,0,0,0,0,0,3,1,6,0,petya
315,0,0,8,0,1,9,4,0,0,0,0,0,0,0,0,0,0,2,1,5,0,processhijack
316,0,0,2,0,0,0,0,0,2,0,0,0,0,0,0,0,0,0,0,0,0,pwszbot
317,0,0,0,0,0,0,0,0,0,0,0,0,0,0,0,0,0,0,0,0,0,samas
318,0,0,0,0,0,0,0,0,0,0,0,0,0,0,0,0,1,0,0,0,0,satana
319,0,0,5,0,1,0,2,0,5,0,0,4,0,0,0,0,0,0,0,0,0,seven
320,0,0,19,0,0,0,0,0,5,0,0,4,0,0,0,0,1,0,0,0,0,shiz
321,6,2,6,11,0,1,3,4,45,0,1,5,0,0,0,0,0,0,0,0,0,shiz
322,4,1,5,3,0,0,0,2,9,0,0,4,0,0,0,0,2,0,0,0,0,shiz
323,0,0,23,0,3,0,1,0,5,0,1,6,0,0,0,0,3,1,0,0,0,shiz
324,5,0,36,9,11,3,7,6,54,0,33,44,0,0,0,0,3,0,0,0,0,shiz
325,10,1,2,8,0,3,6,1,45,0,3,5,0,0,0,0,0,0,0,0,0,shiz
326,3,1,3,7,0,1,5,3,26,0,0,4,0,0,0,0,0,1,0,0,0,shiz
327,0,0,0,0,0,0,0,0,0,0,0,0,0,0,0,0,0,0,0,0,0,singleton
328,0,0,0,0,0,0,0,0,0,0,0,0,0,0,0,0,0,0,0,0,0,singleton
329,0,0,29,0,9,9,5,0,17,0,0,21,0,0,0,0,0,6,1,6,3,tescrypt
330,2,0,24,3,4,7,6,2,25,0,0,20,0,0,0,0,0,5,0,6,0,tescrypt
331,0,0,29,0,9,9,5,0,17,0,0,21,0,0,0,0,0,6,1,6,3,tescrypt
332,3,0,12,1,3,7,2,2,12,0,0,12,0,0,0,0,0,4,1,6,1,tescrypt
333,2,0,35,3,5,10,4,1,33,0,0,6,0,0,0,0,1,7,1,7,1,tescrypt
334,2,0,39,1,7,10,8,2,35,1,0,11,0,0,0,0,0,9,1,7,0,teslacrypt
335,2,0,39,1,7,10,8,2,35,1,0,11,0,0,0,0,0,9,1,7,0,teslacrypt
336,4,1,29,2,4,0,3,2,21,0,3,14,0,0,0,0,4,1,0,0,0,teslacrypt
337,0,0,26,0,9,2,2,0,6,0,31,44,0,0,0,0,3,0,0,0,0,teslacrypt
338,0,0,26,0,9,2,2,0,6,0,31,44,0,0,0,0,3,0,0,0,0,teslacrypt
339,0,0,16,0,7,2,2,0,4,0,25,38,0,0,0,0,1,0,0,0,0,teslacrypt
340,12,2,21,11,2,2,7,7,68,0,0,14,0,0,0,0,1,0,0,0,0,teslacrypt
341,0,0,23,0,3,0,1,0,5,0,1,6,0,0,0,0,3,1,0,0,0,teslacrypt
342,3,0,37,0,5,12,11,2,12,0,0,15,0,0,0,0,0,5,1,6,1,teslacrypt
343,2,0,20,4,4,11,3,0,7,0,0,5,5,2,0,0,0,5,1,7,3,teslacrypt
344,0,0,0,0,0,2,0,0,0,0,0,0,0,0,0,0,0,0,0,0,0,teslacrypt
345,0,0,23,0,3,0,1,0,5,0,1,6,0,0,0,0,3,1,0,0,0,teslacrypt
346,0,0,23,0,3,0,1,0,5,0,1,6,0,0,0,0,3,1,0,0,0,teslacrypt
347,12,2,21,11,2,2,7,7,68,0,0,14,0,0,0,0,1,0,0,0,0,teslacrypt
348,4,0,29,7,5,9,4,1,31,0,0,16,0,0,0,0,0,7,1,7,1,teslacrypt
349,3,0,37,0,5,12,11,2,12,0,0,15,0,0,0,0,0,5,1,6,1,teslacrypt
350,0,0,23,0,3,0,1,0,5,0,1,6,0,0,0,0,3,1,0,0,0,teslacrypt
351,1,0,31,0,12,4,2,0,5,0,33,47,0,0,0,0,5,0,0,0,0,teslacrypt
352,4,0,38,3,11,9,7,1,51,0,6,33,4,0,0,1,0,7,1,7,2,teslacrypt
353,3,0,12,1,3,7,2,2,12,0,0,12,0,0,0,0,0,4,1,6,1,teslacrypt
354,5,0,24,6,3,1,4,6,43,0,0,11,0,0,0,0,2,0,0,0,0,teslacrypt
355,12,2,4,13,0,2,5,6,62,0,0,11,0,0,0,0,0,0,0,0,0,teslacrypt
356,0,0,29,0,9,9,5,0,17,0,0,21,0,0,0,0,0,7,1,6,3,teslacrypt
357,10,1,18,8,6,5,5,3,41,0,21,35,0,0,0,0,0,1,0,0,0,teslacrypt
358,0,0,23,0,3,0,1,0,5,0,1,6,0,0,0,0,3,1,0,0,0,teslacrypt
359,1,1,3,2,1,0,2,1,13,0,0,0,0,0,0,0,0,0,0,0,0,teslacrypt
360,12,1,23,12,4,2,6,3,62,0,0,7,0,0,0,0,0,0,0,0,0,teslacrypt
361,4,0,2,1,3,1,2,1,13,0,4,9,0,0,0,0,0,0,0,0,0,teslacrypt
362,1,1,3,2,1,0,2,1,13,0,0,0,0,0,0,0,0,0,0,0,0,teslacrypt
363,0,0,49,0,4,8,7,1,5,0,12,13,0,0,0,0,0,7,1,8,0,teslacrypt
364,2,0,20,4,4,11,3,0,7,0,0,5,5,2,0,0,0,5,1,7,3,teslacrypt
365,6,0,33,4,7,10,10,1,45,1,0,8,0,0,0,0,0,6,1,6,0,teslacrypt
366,5,0,24,6,3,1,4,6,43,0,0,11,0,0,0,0,2,0,0,0,0,teslacrypt
367,0,0,8,0,2,1,0,0,3,0,1,1,0,0,0,0,0,0,0,0,0,teslacrypt
368,1,1,3,2,1,0,2,1,13,0,0,0,0,0,0,0,0,0,0,0,0,teslacrypt
369,2,0,35,3,5,10,4,1,33,0,0,6,0,0,0,0,1,7,1,7,1,teslacrypt
370,0,0,10,0,5,2,2,0,4,0,12,22,0,0,0,0,0,0,0,0,0,teslacrypt
371,0,0,0,0,0,2,0,0,1,0,0,0,0,0,0,0,0,0,0,0,0,teslacrypt
372,2,0,35,3,5,10,4,1,33,0,0,6,0,0,0,0,1,7,1,7,1,teslacrypt
373,3,0,37,0,5,12,11,2,12,0,0,15,0,0,0,0,0,5,1,6,1,teslacrypt
374,3,0,37,0,5,13,11,2,12,0,0,15,0,0,0,0,0,5,1,6,1,teslacrypt
375,3,0,37,0,5,13,11,2,12,0,0,15,0,0,0,0,0,5,1,6,1,teslacrypt
376,3,0,12,1,3,7,2,2,12,0,0,12,0,0,0,0,0,4,1,6,1,teslacrypt
377,0,0,26,0,9,2,2,0,6,0,31,44,0,0,0,0,3,0,0,0,0,teslacrypt
378,2,0,39,1,7,10,8,2,35,1,0,11,0,0,0,0,0,9,1,7,0,teslacrypt
379,2,0,35,3,5,10,4,1,33,0,0,6,0,0,0,0,1,7,1,7,1,teslacrypt
380,0,3,9,0,2,4,2,0,0,0,0,0,0,0,0,0,0,0,0,2,0,teslacrypt
381,0,0,1,1,0,0,0,0,3,0,0,1,0,0,0,0,0,0,0,0,0,teslacrypt
382,4,0,17,7,6,4,1,2,30,0,20,25,0,0,0,0,0,0,0,0,0,teslacrypt
383,12,2,4,13,0,2,5,6,62,0,0,11,0,0,0,0,0,0,0,0,0,teslacrypt
384,0,0,0,0,0,0,0,0,3,0,0,0,0,0,0,0,0,0,0,0,0,teslacrypt
385,2,0,33,1,4,8,1,0,27,0,0,3,0,0,0,0,0,8,1,7,0,teslacrypt
386,0,0,10,0,1,1,0,0,3,0,0,1,0,0,0,0,0,0,0,0,0,teslacrypt
387,0,0,23,0,3,0,1,0,5,0,1,6,0,0,0,0,3,1,0,0,0,teslacrypt
388,9,0,6,5,1,2,6,4,43,0,0,7,0,0,0,0,0,0,0,0,0,teslacrypt
389,1,1,5,0,2,1,1,2,8,0,4,9,0,0,0,0,0,0,0,0,0,teslacrypt
390,10,1,19,13,6,5,5,3,56,0,16,25,0,0,0,0,0,0,0,0,0,teslacrypt
391,3,0,37,0,5,13,11,2,12,0,0,15,0,0,0,0,0,5,1,6,1,teslacrypt
392,12,2,21,11,2,2,7,7,68,0,0,14,0,0,0,0,1,0,0,0,0,teslacrypt
393,0,0,7,0,5,3,2,0,1,0,29,34,0,0,0,0,1,0,0,0,0,teslacrypt
394,0,0,24,0,3,0,1,0,6,0,3,14,0,0,0,0,3,0,0,0,0,teslacrypt
395,0,0,10,0,5,2,2,0,4,0,12,22,0,0,0,0,0,0,0,0,0,teslacrypt
396,0,0,6,0,2,0,2,0,2,0,13,16,0,0,0,0,0,0,0,0,0,teslacrypt
397,4,0,38,3,11,9,7,1,51,0,6,33,4,0,0,1,0,7,1,7,2,teslacrypt
398,0,0,2,0,0,0,0,0,2,0,1,0,0,0,0,0,0,0,0,0,0,teslacrypt
399,0,0,2,0,0,0,0,0,0,0,3,0,0,0,0,0,0,0,0,0,0,teslacrypt
400,0,0,2,0,1,0,1,0,0,0,0,0,1,0,0,1,0,2,0,1,0,teslacrypt
401,3,0,37,0,5,13,11,2,12,0,0,15,0,0,0,0,0,5,1,6,1,teslacrypt
402,1,0,36,0,5,5,1,0,17,0,0,5,0,0,0,0,0,6,1,6,2,teslacrypt
403,3,0,37,0,5,13,11,2,12,0,0,15,0,0,0,0,0,5,1,6,1,teslacrypt
404,2,0,20,4,4,11,3,0,7,0,0,5,5,2,0,0,0,5,1,7,3,teslacrypt
405,0,0,5,0,1,5,2,0,4,0,0,1,0,0,0,0,0,4,1,7,0,teslacrypt
406,0,0,23,0,3,0,1,0,5,0,1,6,0,0,0,0,3,1,0,0,0,teslacrypt
407,9,0,6,5,1,2,6,4,43,0,0,7,0,0,0,0,0,0,0,0,0,teslacrypt
408,0,0,26,0,9,2,2,0,6,0,31,44,0,0,0,0,3,0,0,0,0,teslacrypt
409,0,0,23,0,3,0,1,0,5,0,1,6,0,0,0,0,3,1,0,0,0,teslacrypt
410,1,0,8,1,1,1,0,1,4,0,0,2,0,0,0,0,0,1,0,2,0,tinba
411,1,0,8,1,1,1,0,1,4,0,0,2,0,0,0,0,0,1,0,2,0,tinba
412,0,0,0,0,0,0,0,0,0,0,0,0,0,0,0,0,0,0,0,0,0,torjok
413,0,0,0,0,0,0,0,0,0,0,0,0,0,0,0,0,0,0,0,0,0,torjok
414,2,0,21,0,7,5,4,0,5,0,0,2,0,0,0,0,0,5,1,8,0,torrentlocker
415,5,0,50,4,5,11,7,3,32,0,0,28,0,0,0,0,1,6,0,7,6,torrentlocker
416,3,0,10,0,1,10,3,1,28,0,0,8,0,0,0,0,0,0,1,1,0,torrentlocker
417,0,0,5,0,0,0,0,0,1,0,0,0,0,0,0,0,0,0,0,0,0,torrentlocker
418,0,0,5,0,1,5,2,0,0,0,0,0,0,0,0,0,0,2,1,7,0,torrentlocker
419,1,0,17,0,2,0,0,0,1,0,0,0,26,9,11,20,0,0,0,0,1,tpyn
420,3,0,13,1,3,0,0,1,13,0,9,18,23,7,5,20,0,1,0,0,0,tpyn
421,6,0,2,6,0,1,5,1,31,0,0,1,0,0,0,0,0,0,0,0,0,tpyn
422,6,0,2,6,0,1,5,1,31,0,0,1,0,0,0,0,0,0,0,0,0,tpyn
423,3,0,42,0,7,0,1,0,12,0,3,12,32,7,11,23,1,0,0,0,0,tpyn
424,0,0,25,0,2,9,4,1,2,0,0,5,0,0,0,0,0,6,1,6,0,troldesh
425,0,0,6,0,1,5,1,0,0,0,0,0,0,0,0,0,0,4,1,6,0,upatre
426,0,0,2,0,0,0,0,0,2,0,0,0,0,0,0,0,0,0,0,0,0,upatre
427,4,0,30,4,5,10,16,0,30,0,0,9,0,0,0,0,0,1,0,1,3,upatre
428,0,0,3,0,0,0,0,0,2,0,0,0,0,0,0,0,0,0,0,0,0,upatre
429,1,0,18,0,1,4,2,0,14,0,0,8,0,0,0,0,2,0,0,3,1,upatre
430,1,0,18,0,1,4,2,0,14,0,0,8,0,0,0,0,2,0,0,3,1,upatre
431,0,0,4,0,1,1,0,0,3,0,0,1,0,0,0,0,0,1,0,0,0,upatre
432,1,0,18,0,1,4,2,0,14,0,0,8,0,0,0,0,2,0,0,3,1,upatre
433,1,0,4,0,0,3,0,0,1,0,0,3,0,0,0,0,0,1,1,0,0,upatre
434,0,0,12,1,5,0,0,0,14,0,0,4,10,3,4,7,0,0,0,0,0,upatre
435,0,0,8,0,0,1,0,0,2,0,0,0,0,0,0,0,0,1,0,0,0,upatre
436,0,0,0,0,0,0,0,0,0,0,0,0,0,0,0,0,0,0,0,0,0,upatre
437,0,0,0,0,0,0,0,0,0,0,0,0,0,0,0,0,0,0,0,0,0,upatre
438,0,0,0,0,0,0,0,0,0,0,0,0,0,0,0,0,0,0,0,0,0,upatre
439,0,0,0,0,0,0,0,0,0,0,0,0,0,0,0,0,0,0,0,0,0,upatre
440,0,0,2,0,0,0,0,0,2,0,0,0,0,0,0,0,0,0,0,0,0,upatre
441,1,0,6,1,3,0,1,1,8,0,0,6,0,0,0,0,0,2,0,2,0,upatre
442,0,0,0,0,0,0,0,0,0,0,0,0,0,0,0,0,0,0,0,0,0,upatre
443,0,0,3,0,0,0,0,0,2,0,0,0,0,0,0,0,0,0,0,0,0,upatre
444,0,0,3,0,0,0,0,0,2,0,0,0,0,0,0,0,0,0,0,0,0,upatre
445,5,0,43,7,7,16,16,1,43,2,13,22,0,0,0,4,2,3,0,5,0,upatre
446,0,0,8,0,0,1,0,0,2,0,0,0,0,0,0,0,0,1,0,0,0,upatre
447,0,0,12,1,5,0,0,0,14,0,0,4,10,3,4,7,0,0,0,0,0,upatre
448,1,0,31,0,2,8,6,4,27,0,0,13,0,0,0,0,3,0,0,1,1,upatre
449,0,0,3,0,0,0,0,0,2,0,0,0,0,0,0,0,0,0,0,0,0,upatre
450,0,0,2,0,0,0,0,0,2,0,0,0,0,0,0,0,0,0,0,0,0,upatre
451,0,0,12,1,5,0,0,0,14,0,0,4,10,3,4,7,0,0,0,0,0,upatre
452,1,0,31,0,2,8,6,4,27,0,0,13,0,0,0,0,3,0,0,1,1,upatre
453,0,0,12,1,5,0,0,0,14,0,0,4,10,3,4,7,0,0,0,0,0,upatre
454,0,0,12,1,5,0,0,0,14,0,0,4,10,3,4,7,0,0,0,0,0,upatre
455,2,0,18,0,2,4,3,0,3,0,0,0,0,0,0,0,0,2,1,4,0,upatre
456,2,0,22,4,4,4,1,0,18,0,0,11,0,0,0,0,0,2,0,0,1,upatre
457,1,0,31,0,2,8,6,4,27,0,0,13,0,0,0,0,3,0,0,1,1,upatre
458,1,0,40,0,5,10,3,0,10,0,0,7,0,0,0,0,0,4,0,6,1,upatre
459,0,0,3,0,0,0,0,0,2,0,0,0,0,0,0,0,0,0,0,0,0,upatre
460,7,0,34,11,7,12,12,1,44,0,1,23,0,0,0,0,0,8,1,6,2,upatre
461,0,0,2,0,0,0,0,0,2,0,0,0,0,0,0,0,0,0,0,0,0,upatre
462,0,0,8,0,0,1,0,0,2,0,0,0,0,0,0,0,0,1,0,0,0,upatre
463,0,0,0,0,0,0,0,0,0,0,0,0,0,0,0,0,0,0,0,0,0,upatre
464,6,1,41,1,6,15,11,2,46,2,0,22,0,0,0,0,0,4,1,8,2,upatre
465,1,0,18,0,1,4,2,0,14,0,0,8,0,0,0,0,2,0,0,3,1,upatre
466,0,0,12,1,5,0,0,0,14,0,0,4,10,3,4,7,0,0,0,0,0,upatre
467,3,0,17,0,3,4,12,1,4,0,0,2,0,0,0,0,0,0,0,0,0,upatre
468,0,0,3,0,0,0,0,0,2,0,0,0,0,0,0,0,0,0,0,0,0,upatre
469,0,0,3,0,0,0,0,0,2,0,0,0,0,0,0,0,0,0,0,0,0,upatre
470,5,0,41,5,6,11,20,2,33,0,0,16,0,0,0,0,0,1,0,0,3,upatre
471,0,0,4,1,1,0,0,0,2,0,0,2,0,0,0,0,0,0,0,0,0,upatre
472,0,0,2,0,0,0,0,0,2,0,0,0,0,0,0,0,0,0,0,0,0,upatre
473,0,0,8,0,0,12,7,5,11,0,5,10,0,0,0,0,2,0,0,0,0,upatre
474,0,0,6,0,1,2,0,0,1,0,0,0,0,0,0,0,0,1,0,1,0,upatre
475,0,0,2,0,0,0,0,0,2,0,0,0,0,0,0,0,0,0,0,0,0,upatre
476,0,0,12,1,5,0,0,0,14,0,0,4,10,3,4,7,0,0,0,0,0,upatre
477,2,0,60,4,11,16,17,0,19,0,0,20,0,0,0,0,0,6,1,7,0,upatre
478,1,0,4,2,0,3,0,0,3,0,0,4,0,0,0,0,0,1,1,0,0,upatre
479,0,0,2,0,0,0,0,0,2,0,0,0,0,0,0,0,0,0,0,0,0,upatre
480,0,0,4,2,0,1,0,0,2,0,0,1,0,0,0,0,0,1,0,4,0,upatre
481,2,0,60,4,11,16,17,0,19,0,0,20,0,0,0,0,0,6,1,7,0,upatre
482,0,0,6,0,1,2,0,0,1,0,0,0,0,0,0,0,0,1,0,1,0,upatre
483,0,0,12,1,5,0,0,0,14,0,0,4,10,3,4,7,0,0,0,0,0,upatre
484,6,1,41,1,6,15,11,2,46,2,0,22,0,0,0,0,0,4,1,8,2,upatre
485,1,0,18,0,1,4,2,0,14,0,0,8,0,0,0,0,2,0,0,3,1,upatre
486,0,0,12,1,5,0,0,0,14,0,0,4,10,3,4,7,0,0,0,0,0,upatre
487,0,0,12,1,5,0,0,0,14,0,0,4,10,3,4,7,0,0,0,0,0,upatre
488,0,0,12,1,5,0,0,0,14,0,0,4,10,3,4,7,0,0,0,0,0,upatre
489,0,0,3,0,0,0,0,0,2,0,0,0,0,0,0,0,0,0,0,0,0,upatre
490,4,0,31,4,6,9,16,0,31,0,0,9,0,0,0,0,0,1,0,0,3,upatre
491,0,0,12,1,5,0,0,0,14,0,0,4,10,3,4,7,0,0,0,0,0,upatre
492,0,0,0,0,0,0,0,0,0,0,0,0,0,0,0,0,0,0,0,0,0,upatre
493,0,0,3,0,0,0,0,0,2,0,0,0,0,0,0,0,0,0,0,0,0,upatre
494,0,0,0,0,0,0,0,0,0,0,0,0,0,0,0,0,0,0,0,0,0,upatre
495,0,0,0,0,0,0,0,0,1,0,0,1,0,0,0,0,0,0,0,0,0,upatre
496,0,0,0,0,0,0,0,0,0,0,0,0,0,0,0,0,0,0,0,0,0,upatre
497,0,0,0,0,0,0,0,0,0,0,0,0,0,0,0,0,0,0,0,0,0,upatre
498,1,0,19,3,5,4,13,2,8,0,0,2,0,0,0,0,0,0,0,0,0,upatre
499,0,0,2,0,0,0,0,0,2,0,0,0,0,0,0,0,0,0,0,0,0,upatre
500,1,0,31,0,2,8,6,4,27,0,0,13,0,0,0,0,3,0,0,1,1,upatre
501,0,0,0,0,0,0,0,0,0,0,0,0,0,0,0,0,0,0,0,0,0,upatre
502,0,0,12,1,5,0,0,0,14,0,0,4,10,3,4,7,0,0,0,0,0,upatre
503,0,0,4,1,1,0,0,0,2,0,0,2,0,0,0,0,0,0,0,0,0,vobfus
504,0,0,2,0,0,1,0,0,0,0,0,0,0,0,0,0,0,0,0,0,0,wannacry
505,0,0,5,0,0,1,5,0,0,0,8,1,3,0,0,1,1,0,0,0,0,wannacry
506,0,0,2,0,0,1,0,0,0,0,0,0,0,0,0,0,0,0,0,0,0,wannacry
507,0,0,5,0,0,1,5,0,0,0,8,1,3,0,0,1,1,0,0,0,0,wannacry
508,0,0,15,0,1,4,0,0,1,0,4,4,0,0,0,0,1,0,0,3,0,wannacry
509,0,0,15,0,1,4,0,0,1,0,4,4,0,0,0,0,1,0,0,3,0,wannacry
510,0,0,0,0,0,1,0,0,0,0,0,1,0,0,0,0,0,0,0,0,1,xorist
511,1,0,14,0,1,2,0,0,4,0,0,5,0,0,0,0,0,1,0,2,1,xorist
512,0,0,0,0,0,1,0,0,0,0,0,1,0,0,0,0,0,0,0,0,1,xorist
513,0,0,0,0,0,1,0,0,0,0,0,1,0,0,0,0,0,0,0,0,1,xorist
514,1,0,38,0,4,4,0,0,18,0,0,7,0,0,0,0,0,2,0,4,1,xorist
515,0,0,0,0,0,1,0,0,0,0,0,1,0,0,0,0,0,0,0,0,1,xorist
516,0,0,0,0,0,1,0,0,0,0,0,1,0,0,0,0,0,0,0,0,1,xorist
517,0,0,0,0,0,1,0,0,0,0,0,1,0,0,0,0,0,0,0,0,1,xorist
518,1,0,14,0,1,2,0,0,4,0,0,5,0,0,0,0,0,1,0,2,1,xorist
519,1,0,18,2,3,1,0,0,10,0,0,9,0,0,0,0,1,0,0,0,0,yakes
520,2,0,9,0,4,0,1,1,6,0,0,8,0,0,0,0,0,0,0,0,0,yakes
521,2,0,18,0,5,0,0,0,7,0,1,6,0,0,0,0,1,0,0,0,0,yakes
522,2,0,28,0,3,0,0,1,6,0,4,10,44,11,17,31,0,1,0,0,0,yakes
523,2,0,18,0,5,0,0,0,7,0,1,6,0,0,0,0,1,0,0,0,0,yakes
524,4,0,20,0,3,0,1,2,16,0,5,19,35,10,13,25,0,0,0,0,0,yakes
525,2,0,23,1,5,1,1,0,11,0,0,19,0,0,0,0,1,0,0,0,0,yakes
526,0,0,2,0,0,0,0,0,0,0,0,2,0,0,0,0,0,1,0,0,0,yakes
527,2,0,28,0,3,0,0,1,6,0,4,10,44,11,17,31,0,1,0,0,0,yakes
528,0,0,3,1,2,0,0,0,5,0,0,2,0,0,0,0,0,0,0,0,0,yakes
529,1,0,0,0,0,1,0,0,2,0,6,10,0,0,0,0,0,0,0,0,0,yakes
530,2,0,6,2,3,1,0,0,10,0,0,6,0,0,0,0,0,0,0,0,0,yakes
531,2,0,9,0,4,0,1,1,6,0,0,8,0,0,0,0,0,0,0,0,0,yakes
532,1,0,0,0,1,1,1,0,8,0,0,9,0,0,0,0,0,0,0,0,0,yakes
533,4,0,20,0,3,0,1,2,16,0,5,19,35,10,13,25,0,0,0,0,0,yakes
534,1,0,0,1,1,0,0,0,6,0,0,3,0,0,0,0,0,0,0,0,0,yakes
535,1,0,26,0,3,0,2,2,8,0,0,5,40,11,15,30,0,0,0,0,0,yakes
536,1,0,2,1,3,0,2,1,4,0,5,21,0,0,0,0,0,0,0,0,0,yakes
537,2,0,28,0,3,0,0,1,6,0,4,10,44,11,17,31,0,1,0,0,0,yakes
538,1,0,26,0,3,0,2,2,8,0,0,5,40,11,15,30,0,0,0,0,0,yakes
539,1,0,1,1,2,0,2,1,4,0,0,17,0,0,0,0,0,0,0,0,0,yakes
540,2,0,23,1,5,1,1,0,11,0,0,19,0,0,0,0,1,0,0,0,0,yakes
541,2,0,6,2,3,1,0,0,10,0,0,6,0,0,0,0,0,0,0,0,0,yakes
542,4,0,20,0,3,0,1,2,16,0,5,19,35,10,13,25,0,0,0,0,0,yakes
543,1,0,13,4,4,2,3,3,15,0,0,32,0,0,0,0,0,0,0,0,0,yakes
544,2,0,23,1,5,1,1,0,11,0,0,19,0,0,0,0,1,0,0,0,0,yakes
545,2,0,18,0,5,0,0,0,7,0,1,6,0,0,0,0,1,0,0,0,0,yakes
546,4,0,20,0,3,0,1,2,16,0,5,19,35,10,13,25,0,0,0,0,0,yakes
547,1,0,11,0,3,0,1,0,2,0,1,3,0,0,0,0,0,0,0,0,0,yakes
548,2,0,23,1,5,1,1,0,11,0,0,19,0,0,0,0,1,0,0,0,0,yakes
549,1,0,16,0,7,0,0,1,9,0,8,21,3,1,3,5,1,1,0,0,1,yakes
550,2,0,6,2,3,1,0,0,10,0,0,6,0,0,0,0,0,0,0,0,0,yakes
551,2,0,23,1,5,1,1,0,11,0,0,19,0,0,0,0,1,0,0,0,0,yakes
552,1,0,0,0,0,1,0,0,2,0,6,10,0,0,0,0,0,0,0,0,0,yakes
553,2,0,23,1,5,1,1,0,11,0,0,19,0,0,0,0,1,0,0,0,0,yakes
554,2,0,18,0,5,0,0,0,7,0,1,6,0,0,0,0,1,0,0,0,0,yakes
555,2,0,18,0,5,0,0,0,7,0,1,6,0,0,0,0,1,0,0,0,0,yakes
556,2,0,0,2,0,2,2,1,4,0,0,7,0,0,0,0,0,0,0,0,0,yakes
557,0,0,11,2,8,4,3,0,10,0,0,49,0,0,0,0,0,1,0,0,0,yakes
558,0,0,10,0,5,4,2,0,0,0,0,43,0,0,0,0,0,1,0,1,0,yakes
559,2,0,6,2,3,1,0,0,10,0,0,6,0,0,0,0,0,0,0,0,0,yakes
560,3,0,7,0,5,2,2,3,11,0,0,17,0,0,0,0,0,0,0,0,0,yakes
561,2,0,18,0,5,0,0,0,7,0,1,6,0,0,0,0,1,0,0,0,0,yakes
562,2,0,1,1,1,0,0,0,7,0,0,7,0,0,0,0,0,0,0,0,0,yakes
563,4,0,20,0,3,0,1,2,16,0,5,19,35,10,13,25,0,0,0,0,0,yakes
564,2,0,6,2,3,1,0,0,10,0,0,6,0,0,0,0,0,0,0,0,0,yakes
565,0,0,2,0,2,0,1,0,1,0,0,1,0,0,0,0,0,0,0,0,0,yakes
566,1,0,2,1,3,0,2,1,4,0,5,21,0,0,0,0,0,0,0,0,0,yakes
567,1,0,0,1,1,0,0,0,6,0,0,3,0,0,0,0,0,0,0,0,0,yakes
568,1,0,2,1,3,0,2,1,4,0,5,21,0,0,0,0,0,0,0,0,0,yakes
569,2,0,31,0,7,0,1,2,14,0,7,27,3,2,2,1,1,0,0,0,0,yakes
570,1,1,0,0,0,0,1,0,0,0,0,0,0,0,0,0,0,1,0,0,0,yakes
571,0,0,3,1,2,0,0,0,5,0,0,2,0,0,0,0,0,0,0,0,0,yakes
572,1,0,0,0,1,1,1,0,8,0,0,9,0,0,0,0,0,0,0,0,0,yakes
573,2,0,28,0,3,0,0,1,6,0,4,10,44,11,17,31,0,1,0,0,0,yakes
574,2,0,0,0,0,1,2,2,4,0,0,11,0,0,0,0,0,0,0,0,0,yakes
575,2,0,6,2,3,1,0,0,10,0,0,6,0,0,0,0,0,0,0,0,0,yakes
576,4,0,20,0,3,0,1,2,16,0,5,19,35,10,13,25,0,0,0,0,0,yakes
577,2,0,6,2,3,1,0,0,10,0,0,6,0,0,0,0,0,0,0,0,0,yakes
578,2,0,18,0,5,0,0,0,7,0,1,6,0,0,0,0,1,0,0,0,0,yakes
579,2,0,23,1,5,1,1,0,11,0,0,19,0,0,0,0,1,0,0,0,0,yakes
580,0,0,2,0,0,0,1,0,0,0,0,0,0,0,0,0,0,0,0,0,0,yakes
581,2,0,6,2,3,1,0,0,10,0,0,6,0,0,0,0,0,0,0,0,0,yakes
582,1,0,0,1,1,0,0,0,6,0,0,3,0,0,0,0,0,0,0,0,0,yakes
583,4,0,20,0,3,0,1,2,16,0,5,19,35,10,13,25,0,0,0,0,0,yakes
584,1,0,0,1,1,0,0,0,6,0,0,7,0,0,0,0,0,0,0,0,0,yakes
585,2,0,6,2,3,1,0,0,10,0,0,6,0,0,0,0,0,0,0,0,0,yakes
586,2,0,6,2,3,1,0,0,10,0,0,6,0,0,0,0,0,0,0,0,0,yakes
587,2,0,23,1,5,1,1,0,11,0,0,19,0,0,0,0,1,0,0,0,0,yakes
588,2,0,6,2,3,1,0,0,10,0,0,6,0,0,0,0,0,0,0,0,0,yakes
589,2,0,23,1,5,1,1,0,11,0,0,19,0,0,0,0,1,0,0,0,0,yakes
590,2,0,18,0,5,0,0,0,7,0,1,6,0,0,0,0,1,0,0,0,0,yakes
591,2,0,9,0,4,0,1,1,6,0,0,8,0,0,0,0,0,0,0,0,0,yakes
592,1,0,1,1,2,0,2,1,4,0,0,17,0,0,0,0,0,0,0,0,0,yakes
593,4,0,20,0,3,0,1,2,16,0,5,19,35,10,13,25,0,0,0,0,0,yakes
594,2,0,6,2,3,1,0,0,10,0,0,6,0,0,0,0,0,0,0,0,0,yakes
595,2,0,9,0,4,0,1,1,6,0,0,8,0,0,0,0,0,0,0,0,0,yakes
596,2,0,0,2,0,2,2,1,4,0,0,7,0,0,0,0,0,0,0,0,0,yakes
597,2,0,18,0,5,0,0,0,7,0,1,6,0,0,0,0,1,0,0,0,0,yakes
598,1,0,18,2,3,1,0,0,10,0,0,9,0,0,0,0,1,0,0,0,0,yakes
599,2,0,6,2,3,1,0,0,10,0,0,6,0,0,0,0,0,0,0,0,0,yakes
600,1,0,0,1,1,0,0,0,6,0,0,3,0,0,0,0,0,0,0,0,0,yakes
601,2,0,0,0,0,1,2,2,4,0,0,11,0,0,0,0,0,0,0,0,0,yakes
602,4,0,20,0,3,0,1,2,16,0,5,19,35,10,13,25,0,0,0,0,0,yakes
603,2,0,6,2,3,1,0,0,10,0,0,6,0,0,0,0,0,0,0,0,0,yakes
604,1,0,0,1,1,0,0,0,6,0,0,3,0,0,0,0,0,0,0,0,0,yakes
605,2,0,6,2,3,1,0,0,10,0,0,6,0,0,0,0,0,0,0,0,0,yakes
606,2,0,6,2,3,1,0,0,10,0,0,6,0,0,0,0,0,0,0,0,0,yakes
607,2,0,0,0,0,1,2,2,4,0,0,11,0,0,0,0,0,0,0,0,0,yakes
608,1,0,2,1,3,0,2,1,4,0,5,21,0,0,0,0,0,0,0,0,0,yakes
609,4,0,20,0,3,0,1,2,16,0,5,19,35,10,13,25,0,0,0,0,0,yakes
610,2,0,23,1,5,1,1,0,11,0,0,19,0,0,0,0,1,0,0,0,0,yakes
611,1,0,16,0,7,0,0,1,9,0,8,21,3,1,3,5,1,1,0,0,1,yakes
612,1,0,0,0,1,1,1,0,8,0,0,9,0,0,0,0,0,0,0,0,0,yakes
613,2,0,23,1,5,1,1,0,11,0,0,19,0,0,0,0,1,0,0,0,0,yakes
614,4,0,20,0,3,0,1,2,16,0,5,19,35,10,13,25,0,0,0,0,0,yakes
615,4,0,20,0,3,0,1,2,16,0,5,19,35,10,13,25,0,0,0,0,0,yakes
616,2,0,5,1,4,2,3,0,9,0,0,21,0,0,0,0,0,0,0,0,0,yakes
617,1,0,2,1,3,0,2,1,4,0,5,21,0,0,0,0,0,0,0,0,0,yakes
618,2,0,6,2,3,1,0,0,10,0,0,6,0,0,0,0,0,0,0,0,0,yakes
619,2,0,6,2,3,1,0,0,10,0,0,6,0,0,0,0,0,0,0,0,0,yakes
620,2,0,1,1,1,0,0,0,7,0,0,7,0,0,0,0,0,0,0,0,0,yakes
621,4,0,20,0,3,0,1,2,16,0,5,19,35,10,13,25,0,0,0,0,0,yakes
622,4,0,20,0,3,0,1,2,16,0,5,19,35,10,13,25,0,0,0,0,0,yakes
623,2,0,6,2,3,1,0,0,10,0,0,6,0,0,0,0,0,0,0,0,0,yakes
624,4,0,20,0,3,0,1,2,16,0,5,19,35,10,13,25,0,0,0,0,0,yakes
625,4,0,20,0,3,0,1,2,16,0,5,19,35,10,13,25,0,0,0,0,0,yakes
626,2,0,28,0,3,0,0,1,6,0,4,10,44,11,17,31,0,1,0,0,0,yakes
627,1,0,0,1,1,0,0,0,6,0,0,3,0,0,0,0,0,0,0,0,0,yakes
628,1,0,0,1,1,0,0,0,6,0,0,3,0,0,0,0,0,0,0,0,0,yakes
629,0,0,3,1,2,0,0,0,5,0,0,2,0,0,0,0,0,0,0,0,0,yakes
630,2,0,18,0,5,0,0,0,7,0,1,6,0,0,0,0,1,0,0,0,0,yakes
631,1,0,0,1,1,0,0,0,6,0,0,7,0,0,0,0,0,0,0,0,0,yakes
632,2,0,23,1,5,1,1,0,11,0,0,19,0,0,0,0,1,0,0,0,0,yakes
633,2,0,23,1,5,1,1,0,11,0,0,19,0,0,0,0,1,0,0,0,0,yakes
634,2,0,6,2,3,1,0,0,10,0,0,6,0,0,0,0,0,0,0,0,0,yakes
635,1,0,18,2,3,1,0,0,10,0,0,9,0,0,0,0,1,0,0,0,0,yakes
636,2,0,18,0,5,0,0,0,7,0,1,6,0,0,0,0,1,0,0,0,0,yakes
637,0,0,3,1,2,0,0,0,5,0,0,2,0,0,0,0,0,0,0,0,0,yakes
638,1,0,2,1,3,0,2,1,4,0,5,21,0,0,0,0,0,0,0,0,0,yakes
639,4,0,20,0,3,0,1,2,16,0,5,19,35,10,13,25,0,0,0,0,0,yakes
640,2,0,28,0,3,0,0,1,6,0,4,10,44,11,17,31,0,1,0,0,0,yakes
641,4,0,20,0,3,0,1,2,16,0,5,19,35,10,13,25,0,0,0,0,0,yakes
642,0,0,3,1,2,0,0,0,5,0,0,2,0,0,0,0,0,0,0,0,0,yakes
643,2,0,28,0,3,0,0,1,6,0,4,10,44,11,17,31,0,1,0,0,0,yakes
644,2,0,6,2,3,1,0,0,10,0,0,6,0,0,0,0,0,0,0,0,0,yakes
645,1,0,0,1,1,0,0,0,6,0,0,3,0,0,0,0,0,0,0,0,0,yakes
646,2,0,6,2,3,1,0,0,10,0,0,6,0,0,0,0,0,0,0,0,0,yakes
647,1,0,0,1,1,0,0,0,6,0,0,7,0,0,0,0,0,0,0,0,0,yakes
648,2,0,18,0,5,0,0,0,7,0,1,6,0,0,0,0,1,0,0,0,0,yakes
649,1,0,0,1,1,0,0,0,6,0,0,7,0,0,0,0,0,0,0,0,0,yakes
650,1,0,16,0,7,0,0,1,9,0,8,21,3,1,3,5,1,1,0,0,1,yakes
651,2,0,23,1,5,1,1,0,11,0,0,19,0,0,0,0,1,0,0,0,0,yakes
652,4,0,20,0,3,0,1,2,16,0,5,19,35,10,13,25,0,0,0,0,0,yakes
653,2,0,28,0,3,0,0,1,6,0,4,10,44,11,17,31,0,1,0,0,0,yakes
654,4,0,20,0,3,0,1,2,16,0,5,19,35,10,13,25,0,0,0,0,0,yakes
655,2,0,28,0,3,0,0,1,6,0,4,10,44,11,17,31,0,1,0,0,0,yakes
656,2,0,23,1,5,1,1,0,11,0,0,19,0,0,0,0,1,0,0,0,0,yakes
657,2,0,1,1,1,0,0,0,7,0,0,7,0,0,0,0,0,0,0,0,0,yakes
658,1,0,2,1,3,0,2,1,4,0,5,21,0,0,0,0,0,0,0,0,0,yakes
659,2,0,0,0,0,1,2,2,4,0,0,11,0,0,0,0,0,0,0,0,0,yakes
660,2,0,6,2,3,1,0,0,10,0,0,6,0,0,0,0,0,0,0,0,0,yakes
661,0,0,12,1,1,0,0,0,5,0,0,2,0,0,0,0,0,0,0,0,0,yakes
662,2,0,14,4,3,0,0,2,17,0,4,9,29,8,12,16,0,0,0,0,0,yakes
663,2,0,23,1,5,1,1,0,11,0,0,19,0,0,0,0,1,0,0,0,0,yakes
664,0,0,3,1,2,0,0,0,5,0,0,2,0,0,0,0,0,0,0,0,0,yakes
665,2,0,6,2,3,1,0,0,10,0,0,6,0,0,0,0,0,0,0,0,0,yakes
666,2,0,28,0,3,0,0,1,6,0,4,10,44,11,17,31,0,1,0,0,0,yakes
667,2,0,28,0,3,0,0,1,6,0,4,10,44,11,17,31,0,1,0,0,0,yakes
668,1,0,2,1,3,0,2,1,4,0,5,21,0,0,0,0,0,0,0,0,0,yakes
669,2,0,28,0,3,0,0,1,6,0,4,10,44,11,17,31,0,1,0,0,0,yakes
670,2,0,1,1,1,0,0,0,7,0,0,7,0,0,0,0,0,0,0,0,0,yakes
671,2,0,28,0,3,0,0,1,6,0,4,10,44,11,17,31,0,1,0,0,0,yakes
672,0,0,3,0,0,0,0,0,1,0,0,1,0,0,0,0,0,0,0,1,0,yakes
673,1,0,0,1,1,0,0,0,6,0,0,3,0,0,0,0,0,0,0,0,0,yakes
674,1,0,20,0,6,2,2,0,2,0,0,40,0,0,0,0,1,0,0,0,0,yakes
675,4,0,20,0,3,0,1,2,16,0,5,19,35,10,13,25,0,0,0,0,0,yakes
676,2,0,1,1,1,0,0,0,7,0,0,7,0,0,0,0,0,0,0,0,0,yakes
677,1,0,3,3,2,4,4,0,16,0,0,20,0,0,0,0,0,0,0,2,0,yakes
678,0,0,3,1,2,0,0,0,5,0,0,2,0,0,0,0,0,0,0,0,0,yakes
679,2,0,23,1,5,1,1,0,11,0,0,19,0,0,0,0,1,0,0,0,0,yakes
680,2,0,18,0,5,0,0,0,7,0,1,6,0,0,0,0,1,0,0,0,0,yakes
681,0,0,3,1,2,0,0,0,5,0,0,2,0,0,0,0,0,0,0,0,0,yakes
682,2,0,18,0,5,0,0,0,7,0,1,6,0,0,0,0,1,0,0,0,0,yakes
683,0,0,4,0,0,0,0,0,0,0,0,1,0,0,0,0,0,0,0,1,0,yakes
684,0,0,2,0,0,1,0,0,0,0,0,0,0,0,0,0,0,0,0,2,0,yakes
685,0,0,3,1,2,0,0,0,5,0,0,2,0,0,0,0,0,0,0,0,0,yakes
686,2,0,23,1,5,1,1,0,11,0,0,19,0,0,0,0,1,0,0,0,0,yakes
687,2,0,28,0,3,0,0,1,6,0,4,10,44,11,17,31,0,1,0,0,0,yakes
688,0,0,3,1,2,0,0,0,5,0,0,2,0,0,0,0,0,0,0,0,0,yakes
689,1,0,18,2,3,1,0,0,10,0,0,9,0,0,0,0,1,0,0,0,0,yakes
690,0,0,3,1,2,0,0,0,5,0,0,2,0,0,0,0,0,0,0,0,0,yakes
691,2,0,6,2,3,1,0,0,10,0,0,6,0,0,0,0,0,0,0,0,0,yakes
692,1,0,0,1,1,0,0,0,6,0,0,7,0,0,0,0,0,0,0,0,0,yakes
693,2,0,23,1,5,1,1,0,11,0,0,19,0,0,0,0,1,0,0,0,0,yakes
694,4,0,20,0,3,0,1,2,16,0,5,19,35,10,13,25,0,0,0,0,0,yakes
695,1,0,2,1,3,0,2,1,4,0,5,21,0,0,0,0,0,0,0,0,0,yakes
696,2,0,6,2,3,1,0,0,10,0,0,6,0,0,0,0,0,0,0,0,0,yakes
697,4,0,20,0,3,0,1,2,16,0,5,19,35,10,13,25,0,0,0,0,0,yakes
698,2,0,6,2,3,1,0,0,10,0,0,6,0,0,0,0,0,0,0,0,0,yakes
699,4,0,20,0,3,0,1,2,16,0,5,19,35,10,13,25,0,0,0,0,0,yakes
700,2,0,23,1,5,1,1,0,11,0,0,19,0,0,0,0,1,0,0,0,0,yakes
701,1,0,0,0,0,1,0,0,2,0,6,10,0,0,0,0,0,0,0,0,0,yakes
702,2,0,18,0,5,0,0,0,7,0,1,6,0,0,0,0,1,0,0,0,0,yakes
703,2,0,23,1,5,1,1,0,11,0,0,19,0,0,0,0,1,0,0,0,0,yakes
704,2,0,23,1,5,1,1,0,11,0,0,19,0,0,0,0,1,0,0,0,0,yakes
705,0,0,3,4,1,0,2,2,11,0,0,8,0,0,0,0,0,0,0,0,0,yakes
706,1,0,26,0,3,0,2,2,8,0,0,5,40,11,15,30,0,0,0,0,0,yakes
707,2,0,18,0,5,0,0,0,7,0,1,6,0,0,0,0,1,0,0,0,0,yakes
708,1,0,5,0,2,2,1,1,11,0,0,17,0,0,0,0,0,0,0,1,0,yakes
709,0,0,4,0,0,0,1,0,0,0,0,1,0,0,0,0,0,0,0,0,0,yakes
710,0,0,0,0,0,0,0,0,0,0,0,0,0,0,0,0,0,0,0,0,0,yakes
711,1,0,0,0,0,1,0,0,2,0,6,10,0,0,0,0,0,0,0,0,0,yakes
712,1,0,0,1,1,0,0,0,6,0,0,7,0,0,0,0,0,0,0,0,0,yakes
713,2,0,18,0,5,0,0,0,7,0,1,6,0,0,0,0,1,0,0,0,0,yakes
714,0,0,3,1,2,0,0,0,5,0,0,2,0,0,0,0,0,0,0,0,0,yakes
715,0,0,3,1,2,0,0,0,5,0,0,2,0,0,0,0,0,0,0,0,0,yakes
716,2,0,30,0,8,0,0,1,15,0,6,25,3,2,2,1,1,0,0,0,0,yakes
717,2,0,0,0,0,1,2,2,4,0,0,11,0,0,0,0,0,0,0,0,0,yakes
718,2,0,28,0,3,0,0,1,6,0,4,10,44,11,17,31,0,1,0,0,0,yakes
719,2,0,23,1,5,1,1,0,11,0,0,19,0,0,0,0,1,0,0,0,0,yakes
720,0,0,3,0,0,0,0,0,2,0,0,0,0,0,0,0,0,0,0,0,0,zbot
721,0,0,3,0,0,0,0,0,2,0,0,0,0,0,0,0,0,0,0,0,0,zbot
722,0,0,2,0,0,0,1,0,1,0,0,0,0,0,0,0,0,0,0,0,0,zbot
723,0,0,3,0,0,0,0,0,2,0,0,0,0,0,0,0,0,0,0,0,0,zbot
724,0,0,4,0,3,0,0,0,3,0,0,2,0,0,0,0,0,0,0,0,0,zbot
725,0,0,4,0,1,1,0,0,3,0,0,1,0,0,0,0,0,1,0,0,0,zbot
726,0,0,3,0,0,0,0,0,2,0,0,0,0,0,0,0,0,0,0,0,0,zbot
727,0,0,3,0,0,0,0,0,2,0,0,0,0,0,0,0,0,0,0,0,0,zbot
728,1,1,5,3,2,1,1,0,6,0,0,1,0,0,0,0,0,2,0,1,0,zeroaccess
729,0,0,2,0,0,0,0,0,0,0,0,0,0,0,0,0,0,0,0,0,0,zusy
